CODE ISIN,Code Maroclear,Info,Société de Gestion,Nature juridique,Classification,Sensibilité,Indice Benchmark,Periodicite VL,Souscripteurs,Affectation des résultats,Commission de souscription, Commission de rachat,Frais de gestion,Dépositaire,Réseau placeur,AN,VL,YTD,1 jour,1 semaine,1 mois,3 mois,6 mois,1 an,2 ans,3 ans,5 ans,Normal
MA0000030132,3013,BMCI TRESORERIE,CIH CAPITAL MANAGEMENT,SICAV,Monétaire,"[0  0,5[",TMI (jj),Quotidienne,FGP,Capitalisant,0.0,0.0,0.0067,BMCI,BMCI,211613841.76,120509.02,0.0015220333314827984,0.0001378510065488,0.000339259796054,0.001527942989816726,0.005036146901434438,0.010142157855882674,0.022265394503830412,0.04508089491427117,0.05445414907150669,0.074246733063517,TMI
MA0000030280,3028,CDG TAWFIR,CDG CAPITAL GESTION,SICAV,OMLT,[3  7[,MBI (Global),Quotidienne,FGP,Capitalisant,0.005,0.0,0.02,CDG Capital,CDG CAPITAL GESTION,2383500121.48,3323.93,0.007105027147566359,0.0001564657986826,0.0008159652176007,0.007166058637448833,0.017964823735862532,0.042085594524859715,0.07311128114235167,0.14948852908018231,0.04858813026237337,0.11564486571031547,MBI
MA0000030298,3029,SICAV OBLIGATIONS PÉRENNITÉ,CDG CAPITAL GESTION,SICAV,OMLT,"[1,1[",MBI (MLT),Quotidienne,FNPP,Capitalisant,0.03,0.015,0.02,CDG Capital,CDG CAPITAL GESTION,6982332989.34,3202.49,0.0023223278363227154,0.0002155037791241,0.0005998931440335,0.002284684165886763,0.011474467493746346,0.0270415019065669,0.05006213501824699,0.09980527976867096,0.07867170553601974,0.142701672756337,MBI
MA0000030306,3030,CDG TRESORERIE,CDG CAPITAL GESTION,SICAV,Monétaire,"[0  0,5[",MBI (CT) (50%)+TMP (50%),Quotidienne,FGP,Capitalisant,0.0,0.0,0.02,CDG Capital,CDG CAPITAL GESTION,6104229349.61,2184.35,0.0026347074510810935,0.0001968936591083,0.0004305192336757,0.0026715262126294835,0.008415969567706322,0.01604763123008582,0.03461913738715255,0.07034530745446614,0.08475527392634373,0.12154835132109962,MBI+TMP
MA0000030371,3037,CIMR TRESO PLUS,SOGECAPITAL GESTION,SICAV,OCT,]0.5  1.1],MBI Court Terme,Quotidienne,FNPP,Capitalisant,0.03,0.015,0.02,SOCIETE GENERALE,SOGECAPITAL GESTION,45421700.8,388219.66,0.0025546287774955634,0.0001428261471394,0.0003965822699739,0.0022689838578580776,0.00789655527645799,0.015201095085530154,0.034155559913599864,0.07328456577456674,0.08307809378758108,0.12837551249182413,MBI
MA0000030413,3041,BMCI CASH,CIH CAPITAL MANAGEMENT,SICAV,OCT,"[0,6  1,1[",MBI (CT),Quotidienne,FGP,Capitalisant,0.0,0.0,0.0067,BMCI,BMCI,39380225.81,187.52,0.0038543897216274025,0.0001066666666667,0.0003200682812333,0.0037469221710738523,0.010181543931476673,0.016974890178426294,0.032314891274428874,0.06135386008603126,0.06147401788746753,0.0908667830133799,MBI
MA0000030470,3047,CFG CROISSANCE,CFG GESTION,SICAV,Diversifié,-,CFG 25 flottant (50%)+Bonds (CT) (50%),Quotidienne,FGP,Capitalisant,0.002,0.002,0.015,CFG BANK,CFG Gestion;CFG BANK,1113973799.27,9001.81,0.05350988169122209,-0.0003453667550628,-0.0017488062207377,0.055073119446596396,0.0791932614335518,0.11808448534982786,0.19373943255733758,0.32809627647175116,0.11338539631024054,0.2027012583069905,CFG
MA0000030488,3048,IRAD,BMCE CAPITAL GESTION,SICAV,Monétaire,"[0  0,5[",-,Quotidienne,FGP,Capitalisant,0.0,0.0,0.015,BMCE BANK,BMCE Bank,4621493959.24,2678.11,0.0025530736086310972,0.0001942044898584,0.0004744400113566,0.002571839295608162,0.008373903843185185,0.016298820564975287,0.0349183653753261,0.0722046954070847,0.08729243636068379,0.13473948248174872,
MA0000030512,3051,HORIZON EXPANSION,UPLINE CAPITAL MANAGEMENT,SICAV,Diversifié,-,40% TMP + 60% MASI,Quotidienne,FGP,Capitalisant,0.03,0.015,0.02,BCP,Upline Capital Management,4254099.87,38673.64,0.04438163681624013,-0.0001801936422409,-0.0035433107384578,0.045109795110741,0.06276394846011284,0.08993283748452419,0.13969917367062354,0.3088013428587865,0.11112056031750854,0.2264513068230829,MASI+TMP
MA0000030553,3055,ATTIJARI TRESORERIE,WAFA GESTION,SICAV,Monétaire,"[0  0,5[",TMP,Quotidienne,FGP,Capitalisant,0.0,0.0,0.005,ATTIJARIWAFA BANK,ATTIJARIWAFA BANK ,3984308974.73,5506.97,0.0020762215315636356,0.000152557240748,0.0003887495163338,0.0021509876891441762,0.006679548042841232,0.012543323373937073,0.02775533056501661,0.05748307288166194,0.06661178954300269,0.0983230886441511,TMP
MA0000030579,3057,CDM OPTIMUM,WAFA GESTION,SICAV,Diversifié,-,MBI (MLT) (50%)+Masi Rentabilite (50%),Quotidienne,FGP,Capitalisant,0.015,0.005,0.02,Credit du Maroc,CREDIT DU MAROC,316615753.98,6205.84,0.044817531028816526,0.0011082486284011,-0.0004107345060474,0.04495827467990382,0.060747567704309516,0.09494663629578791,0.15385359105749719,0.35669906563304776,0.10155670340983729,0.18613149847094804,MBI+Masi
MA0000030587,3058,CDM GENERATION,WAFA GESTION,SICAV,OMLT,[3  5[,MBI (MT) (65%)+MBI (MLT) (35%),Quotidienne,FGP,Capitalisant,0.01,0.005,0.02,Credit du Maroc,CREDIT DU MAROC,608725466.89,3490.22,0.0055807655185328925,0.0002149323536239,0.0004328247403767,0.0059778410597552895,0.017607286658522396,0.0386446690235569,0.07099086493170943,0.1539061725129765,0.06980579191290055,0.13407200415908496,MBI
MA0000030595,3059,CDM TRESOR PLUS,WAFA GESTION,SICAV,OCT,"]0,5  1,1]",MBI (CT),Quotidienne,FGP,Capitalisant,0.01,0.005,0.02,Credit du Maroc,CREDIT DU MAROC,347873735.77,1673.53,0.002600063503854713,0.0001553843671373,0.0004244329933882,0.0022818197062977057,0.008819096991981487,0.01672539489671766,0.037012021316145324,0.08035195537938906,0.08650319095754304,0.13064892071749007,MBI
MA0000030603,3060,CDM CASH,WAFA GESTION,SICAV,Monétaire,"[0  0,5[",TMP (40%)+MBI (CT) (60%),Quotidienne,FGP,Capitalisant,0.0,0.0,0.01,Credit du Maroc,CREDIT DU MAROC,1683790560.0,5792.47,0.002107160713389863,0.0001674868341535,0.0004179583941416,0.002141835161736255,0.007084837231297768,0.013873111613261234,0.03042458871748176,0.06186823783038631,0.07286042647927708,0.10688229246685545,MBI+TMP
MA0000030736,3073,BMCI TRESO PLUS,CIH CAPITAL MANAGEMENT,SICAV,Monétaire,"[0,6  1,1[",MBI (CT),Quotidienne,FGP,Capitalisant,0.0,0.0,0.02,BMCI,BMCI,3653635479.96,163.09,0.0019659642440252698,0.0001839813565558,0.0003680304238483,0.0019659642440252698,0.006417772292502264,0.012855545894919843,0.028634500157678912,0.05847611630321904,0.07098765432098766,0.10374932322685446,MBI
MA0000030777,3077,SG VALEURS,SOGECAPITAL GESTION,SICAV,Monétaire,"[0  0,5[",TMP,Quotidienne,FGP,Capitalisant,0.0,0.0,0.02,SOCIETE GENERALE,SGMB + SOGECAPITAL GESTION,520372933.28,208.83,0.002111425692211844,0.0001436781609195,0.0003832335329341,0.0020633397312860213,0.007332014856977522,0.014082455203224424,0.031004690199950634,0.062315596703632105,0.07531864869165195,0.10824354781009794,TMP
MA0000035677,3567,CDG HORIZONS,CDG CAPITAL GESTION,FCP,OMLT,"]1,1  5,1]",MBI (MLT) (50%)+MBI (LT) (50%),Quotidienne,FGP,Capitalisant,0.03,0.015,0.02,CDG Capital,CDG CAPITAL GESTION,218949299.8,2142.48,0.004778899680625081,0.0001633887765914,0.0012290581115499,0.00482602394720919,0.0159615329900133,0.036135721747204606,0.06409460472924311,0.11262982966348158,0.06516324369472158,-,MBI
MA0000035735,3573,STAFF ACTION,CFG GESTION,FCP,Actions,-,-,Quotidienne,FNPP,Capitalisant,0.003,0.003,0.02,CFG BANK,CFG GROUP,29260640.77,3974.55,0.09987740858914722,-0.0007693061914063,-0.0055968095433483,0.1046645747463154,0.14848152107955048,0.20674945348554782,0.3278420707995351,0.6949040511727079,0.31202279051803544,0.5550734390772577,
MA0000035743,3574,CFG PERFORMANCE,CFG GESTION,FCP,Actions,-,CFG 25 Flottant,Quotidienne,FGP,Capitalisant,0.0045,0.00454,0.02,CFG BANK,CFG Gestion;CFG BANK,683400051.17,1052.27,0.09938984892492216,0.0004944140717851,-0.0018497087894367,0.10156503533106515,0.14415727038458603,0.215204637841833,0.3563326544817096,0.699869150121965,0.22490862105091616,0.37257382865490973,CFG
MA0000035784,3578,CFG VALEURS,CFG GESTION,FCP,Actions,-,CFG 25 Flottant,Quotidienne,FGP,Capitalisant,0.003,0.003,0.02,CFG BANK,CFG Gestion;CFG BANK,32229703.41,620.37,0.0895918223970774,-0.0001289386735434,-0.0062313779514945,0.09300891504281328,0.13129821106187428,0.17414263002498295,0.26186359660720465,0.5407942776246182,0.13961092639197603,0.2537286285922154,CFG
MA0000035792,3579,CFG RENDEMENT,CFG GESTION,FCP,OMLT,[2   6[,CFG Bonds CT,Quotidienne,FGP,Capitalisant,0.03,0.015,0.01,CFG BANK,CFG Gestion;CFG BANK,36073247.5,330.01,0.002947969851689674,-9.089807296094278e-05,-0.0003634931693575,0.002856535083720782,0.004718991658040588,0.00042440961590925626,0.005606850108175564,0.007202807874256108,-0.05544106703302995,-0.051395556066572756,CFG
MA0000035826,3582,CFG LIQUIDITE,CFG GESTION,FCP,OCT,"]0,5; 1,1]",MBI CT,Quotidienne,FGP,Capitalisant,0.005,0.005,0.01,CFG BANK,CFG Gestion;CFG BANK,139798668.41,218.56,0.0013286296788380997,0.0001372809225278,0.0002288224795204,0.0012368867103395036,0.004965973882655934,0.007281777122315479,0.020259546260853346,0.0456915937036506,0.043395235594595905,0.0820337640477251,MBI
MA0000035834,3583,CFG SECURITE,CFG GESTION,FCP,Monétaire,"]0 0,5]",TMP interbancaire,Quotidienne,FGP,Capitalisant,0.0,0.0,0.006,CFG BANK,CFG Gestion;CFG BANK,1848094573.12,2473.78,0.0020942959803290405,0.0001698094899246,0.00039226628815,0.0020942959803290405,0.007063095630651134,0.013196480938416527,0.02866291036863018,0.05860956342379817,0.06843978370160497,0.10374521474527719,TMP
MA0000035925,3592,FCP CAPITAL DYNAMIQUE,BMCE CAPITAL GESTION,FCP,OCT,"[0,5  1,1[",MBI CT,Quotidienne,FGP,Capitalisant,0.0,0.0,0.01,BMCE,BMCE Bank,126223238.46,2207.78,0.0008930959602142771,0.0001494937597682,0.0001812103036179,0.0007660612214370467,0.0029801655445618343,0.006037739288139146,0.017166393306673158,0.028194333190514533,0.03367745862303078,0.0786495993746337,MBI
MA0000035974,3597,EMERGENCE MONEY MARKET FUND,VALORIS MANAGEMENT,FCP,Monétaire,"[0  0,5[",MBI Court Terme,Quotidienne,FGP,Capitalisant,0.0,0.0,0.0065,BMCE BANK,VALORIS MANAGEMENT+ VALORIS FINANCE +CAPITAL GESTION GROUP,633376316.43,2016.81,0.0020370545185346665,0.000208293038549,0.0004166728671557,0.0020619478699829396,0.006919793304875259,0.013721971741785643,0.030362014529626252,0.05985012507094353,0.07039704485264062,0.10641087533738564,MBI
MA0000036006,3600,UPLINE TRESORERIE,UPLINE CAPITAL MANAGEMENT,FCP,Monétaire,"]0  0,5]",100% TMP,Quotidienne,FGP,Capitalisant,0.03,0.015,0.02,BCP,Upline Capital Management,338967446.52,18942.02,0.00211193465276355,0.0001684370153805,0.0004838149122742,0.00214692637174743,0.007208697016183262,0.013553087877025399,0.028837510435286574,0.05801480839350825,0.07460076938656153,0.10545783484096881,TMP
MA0000036014,3601,UPLINE CASH,UPLINE CAPITAL MANAGEMENT,FCP,Monétaire,"]0  0,5]",100% MONIA,Quotidienne,FNPP,Capitalisant,0.03,0.015,0.02,BCP,Upline Capital Management,831727954.11,22713.64,0.0021955640428734354,0.0001902302666922,0.000432526332573,0.002245535074075274,0.007045975299183419,0.014350468687897185,0.030802485692022322,0.06179587242166587,0.075037520890297,0.10507797067998832,MONIA
MA0000036048,3604,ATTIJARI MONETAIRE PLUS,WAFA GESTION,FCP,OCT,"[0,5  1,1[",MBI (CT),Quotidienne,FGP,Capitalisant,0.0,0.0,0.02,ATTIJARIWAFA BANK,ATTIJARIWAFA BANK ,1037362926.34,223.54,0.0021968168572068176,8.94774516820947e-05,0.0003132411509374,0.0018374938376730901,0.007617759747577182,0.014292844502926656,0.03170720450454611,0.06870010039680645,0.07151759179369181,0.1165276459717296,MBI
MA0000036063,3606,ATTIJARI ACTIONS,WAFA GESTION,FCP,Actions,-,100% MASI,Quotidienne,FGP,Capitalisant,0.03,0.015,0.02,ATTIJARIWAFA BANK,ATTIJARIWAFA BANK ,346775336.72,789.67,0.07927070947284978,0.0017252096256548,-0.003973159102949,0.07859259967492108,0.09958922230731738,0.14662620337161844,0.2311278101711827,0.508817853526186,0.09537945097168855,-,MASI
MA0000036147,3614,CDM SECURITE PLUS,WAFA GESTION,FCP,Monétaire,"[0  0,5[",TMP ,Quotidienne,FGP,Capitalisant,0.0,0.0,0.01,Credit du Maroc,CREDIT DU MAROC,181603196.01,1988.65,0.0016571301930129504,0.0001609390795291,0.0003923797833863,0.0017227223042166765,0.00554181899084287,0.011124839203363946,0.023747503243209907,0.04865586011242471,0.06116797045922675,0.08573877626787373,TMP
MA0000036154,3615,FCP CDM LIQUIDITES,WAFA GESTION,FCP,OCT,"[0  1,1[",MBI (CT) (80%)+MBI (MT) (20%),Quotidienne,FGP,Capitalisant,0.0,0.0,0.01,Credit du Maroc,CREDIT DU MAROC,510536634.36,38895.07,0.0021320549763580226,0.0001028513743643,0.0003209662730801,0.0019474763565808224,0.007222363067077897,0.013703410645182837,0.030331342519720556,0.06457478121446979,0.06324193760903705,0.09776791825249312,MBI
MA0000036196,3619,FCP CAM LIQUIDITE,MAROGEST,FCP,Monétaire,-,-,Quotidienne,FGP,Capitalisant,0.0,0.0,0.0065,CIH,MSIN et CIH ,419372673.52,1864.51,0.002457068507586232,0.0002038484440462,0.0005097769859838,0.00251096868547836,0.00807210285578351,0.015467482885012386,0.034000665483584706,0.06903847256464657,0.08522886012292796,0.12881567316890066,
MA0000036220,3622,FCP CAPITAL PROTECTION,BMCE CAPITAL GESTION,FCP,Actions,-,Masi,Quotidienne,FNPP,Capitalisant,0.02,0.01,0.02,BMCE,BMCE Capital Gestion+ BMCE BANK,1083918863.91,3505.49,0.08847557094285147,0.0002139959026919,-0.0069799129210538,0.08074386713487229,0.11704554869382917,0.18927730545057345,0.2952719762844752,0.6585804418771207,0.2743226650479901,0.4464739835213699,Masi
MA0000036238,3623,FCP CAPITAL MONETAIRE,BMCE CAPITAL GESTION,FCP,Monétaire,"[0  0,25[",TMP,Quotidienne,FGP,Capitalisant,0.01,0.005,0.01,BMCE BANK,BMCE Bank,157113828.06,1608.22,0.0017253729483945198,0.0001741358508401,0.0004292299366108,0.0017066547076263854,0.005910793922828203,0.011758192673305981,0.024866173846546,0.051460925394407386,0.06548384104731739,0.09271892156329839,TMP
MA0000036246,3624,CDG MONETAIRE PLUS,CDG CAPITAL GESTION,FCP,OCT,"[0,5  1,1[",MBI (CT) (85%)+MBI (MT) (15%),Quotidienne,FGP,Capitalisant,0.0,0.0,0.006,CDG Capital,CDG CAPITAL GESTION,1032758188.77,2209.26,0.00469773935505013,0.0001448658632648,0.0003939521551901,0.004601798885018846,0.01258129717986455,0.02229440835138,0.046105621031398585,0.08436325084176742,0.08970646989479089,0.1303800577147419,MBI
MA0000036261,3626,FCP CAPITAL IMTIYAZ LIQUIDITE,BMCE CAPITAL GESTION,FCP,OCT,"]0,5  1,1]",Taux Repo au jour le jour,Quotidienne,FGP,Capitalisant,0.01,0.005,0.008,BMCE BANK,BMCE BANK + BMCE CAPITAL GESTION,11760501610.23,18466.41,0.0030395780657180636,0.0001825268211518,0.0005347697889202,0.0029562274128040705,0.009943340297299439,0.018772898572392387,0.041060250038335494,0.08533815120459513,0.0981706878311283,0.15883521636214398,Taux Repo
MA0000036287,3628,EMERGENCE BOND FUND,VALORIS MANAGEMENT,FCP,OCT,]0.5  1.1],MBI Court Terme,Quotidienne,FGP,Capitalisant,0.0,0.0,0.008,BMCE BANK,VALORIS MANAGEMENT+ VALORIS FINANCE +CAPITAL GESTION GROUP,493548268.92,2329.42,0.0021252064977973803,0.0001631573523855,0.0003521429184918,0.0019312409405875604,0.007369031041610792,0.014246527626594792,0.03088102529606495,0.06439113548092304,0.07555210800677818,0.1296622293348851,MBI
MA0000036303,3630,FCP CAPITAL ACTIONS,BMCE CAPITAL GESTION,FCP,Actions,-,Masi,Quotidienne,FGP,Capitalisant,0.01,0.005,0.01,BMCE BANK,BMCE Bank,29639959.02,231.41,0.09269052790631785,0.0001728832605782,-0.0063122638268636,0.09662591223580697,0.13731754066938615,0.20463300364393547,0.30261750633267653,0.6405075854246419,0.19449749651576942,0.34767922660299333,Masi
MA0000036311,3631,FCP CAPITAL SELECTION,BMCE CAPITAL GESTION,FCP,Actions,-,Madex,Quotidienne,FGP,Capitalisant,0.01,0.005,0.01,BMCE BANK,BMCE Bank,3128146.65,286.22,0.0581537210248069,-0.0015000872143727,-0.0059734666944501,0.06062402727340107,0.10347752332485169,0.17621435029177293,0.2900347050074369,0.6363844262763709,0.2034646596308288,0.35258258116346114,
MA0000036329,3632,FCP CAPITAL TERME,BMCE CAPITAL GESTION,FCP,Diversifié,-,80% MBI Global + 20% MASI.,Quotidienne,FGP,Capitalisant,0.02,0.02,0.02,BMCE BANK,BMCE Bank ; BMCE Capital Gestion,75811143.98,226.0,0.02671270216245682,4.424974556392276e-05,-0.0015462778882261,0.027833363652901604,0.045231708445102214,0.07824427480916034,0.12757571221872968,0.24189471370480278,0.10925689604397756,0.21153639969979635,MBI+MASI
MA0000036345,3634,CFG INSTIBONDS,CFG GESTION,FCP,OMLT,"]1,5  5,5]",MBI (Global) ,Quotidienne,FGP,Capitalisant,0.03,0.015,0.02,CFG BANK,CFG Gestion; CFG Bank,1495775.8,149.59,0.0030172991819767806,0.0001337166544093,0.0003343587000134,0.003151824034334756,0.010743243243243267,0.02550215945705079,0.05159929701230231,0.09637936089123429,-,-,MBI
MA0000036352,3635,FCP CAM TRESO PLUS,MAROGEST,FCP,OCT,"]0,5 1,1]",85% MBI CT et 15 % MBI MT,Quotidienne,FGP,Capitalisant,0.03,0.015,0.02,CIH,MAROGEST;CIH; MSIN;CAM,606938977.87,166.86,0.0026439129912271733,0.0001198753296572,0.000419689429822,0.0026439129912271733,0.009071117561683599,0.01787348258402981,0.03917294637852663,0.08161016399818502,0.09101608473911349,0.1466465090709181,MBI
MA0000036402,3640,FCP UPLINE EQUILIBRE,UPLINE CAPITAL MANAGEMENT,FCP,Diversifié,-,75% MBI Global + 25% MASI 20,Quotidienne,FGP,Mixte,0.03,0.03,0.02,BCP,UPLINE Capital Management ,538714456.99,117.97,0.04011638159054838,-0.0002542372881356,-0.0021991034424427,0.04112611419998232,0.06040449438202246,-0.1616685616827743,-,-,-0.17825299526330457,-,MBI+MASI
MA0000036477,3647,INSTIMONETAIRE,CIH CAPITAL MANAGEMENT,FCP,Monétaire,-,Masi (60%)+MBI (MT) (40%),Quotidienne,FGP,Capitalisant,0.0125,0.005,0.0195,BMCI,BMCI,8198546.25,132.94,0.00803760994843799,7.522756337915373e-05,0.0002257166503649,0.007961179771021393,0.016982864137086894,0.024506781750924838,0.03326597233017256,0.046689237067947344,0.05382481173206494,0.07374202406913816,MBI+Masi
MA0000036576,3657,UPLINE VALEURS PLUS,UPLINE CAPITAL MANAGEMENT,FCP,Actions,-,MASI,Quotidienne,FGP,Mixte,0.03,0.03,0.02,BCP,Upline Capital Management,13079387.42,3779.08,0.09331612918157797,-0.0008883154788972,-0.0064674210238505,0.09604631197939623,0.1255401972259699,0.1762977442579271,0.28170881847195334,0.6167671331333987,0.25633473181694266,0.35184403505634054,MASI
MA0000036584,3658,SG NOVA,SOGECAPITAL GESTION,FCP,Monétaire,"[0  0,5[",TMP,Quotidienne,FNPP,Capitalisant,0.03,0.015,0.02,SOCIETE GENERALE,GESTAR,1479394.6,1479.39,0.001441858576012421,0.0001419705512513,0.0003786777384825,0.001441858576012421,0.005143291978638804,0.010215578757605372,0.02354430730060345,0.04916812050551052,0.059226588958021596,0.08424701709126091,TMP
MA0000036600,3660,ALIF I,UPLINE CAPITAL MANAGEMENT,FCP,OMLT,"]1,1   10]",50 % MBI MT + 50% MBI MLT,Quotidienne,FNPP,Capitalisant,0.03,0.03,0.02,BCP,Upline Capital Management,2175112888.65,1774.78,0.0038348416289592604,3.9443063937170765e-05,0.0003494611534472,0.003908658442080064,0.01591899116756438,0.04012752665107749,0.07510298037315243,0.16397334662504262,0.11530195437692455,0.20141615445019087,MBI
MA0000036618,3661,UPLINE PERENNITE,UPLINE CAPITAL MANAGEMENT,FCP,Monétaire,"]0  0,5]",50% TMP +  50% MBI CT,Quotidienne,FGP,Mixte,0.03,0.03,0.02,BCP,Upline Capital Management,5377737975.72,1717.7,0.0023458288595303565,0.0001805064662074,0.000465956083639,0.002299038371767374,0.00838313510467176,0.016035821813686423,0.03451598720782463,0.07001139966735404,0.08412595224720872,0.1313012895662369,MBI+TMP
MA0000036659,3665,ATTIJARI LIQUIDITE,WAFA GESTION,FCP,Monétaire,"[0  0,5[",TMP ,Quotidienne,FGP,Capitalisant,0.03,0.03,0.02,ATTIJARIWAFA BANK,CREDIT DU MAROC,3654421284.64,1542.68,0.0018443474646717489,0.0001685662789642,0.0004020595826362,0.001941949353441283,0.00601254678961305,0.01212439312426192,0.025493076652064465,0.051882257481641186,0.06680866071490324,0.09682189832918597,TMP
MA0000036774,3677,AFRICAPITAL LIQUIDITY,AFRICAPITAL MANAGEMENT,FCP,Monétaire,"]0  0,5]",Repo jj capitalisé,Quotidienne,FGP,Capitalisant,0.03,0.03,0.02,ATTIJARIWAFA BANK,AFRICAPITAL MANAGEMENT + AFRICA CAPITAL PARTNERS + AFRICAPITAL ASSET MANAGEMENT,1240397417.55,1530.56,0.002259169280536468,0.0001829730506835,0.0004706374522826,0.0023510612520219244,0.007537308029043351,0.014630524564299356,0.031840520989934826,0.06718728210849247,0.07983632002257644,0.11749888656060382,Repo jj
MA0000036873,3687,AFRICAPITAL CASH,AFRICAPITAL MANAGEMENT,FCP,OCT,]0.5  1.1],MBI CT,Quotidienne,FGP,Capitalisant,0.02,0.02,0.02,ATTIJARIWAFA BANK,AFRICAPITAL MANAGEMENT + AFRICA CAPITAL PARTNERS + AFRICAPITAL ASSET MANAGEMENT,1674155316.47,1537.37,0.002693642221700374,0.0001561351349591,0.0004555304652266,0.002490952365426583,0.010457060980899829,0.018220232339422195,0.039662681237827214,0.0813755556806031,0.08952198717267279,0.14115097126654333,MBI
MA0000036907,3690,FCP IRGAM MONETAIRE,IRG ASSET MANAGEMENT,FCP,Monétaire,"]0  0,5]",TMP (80%)+MBI (CT) (20%),Quotidienne,FGP,Capitalisant,0.03,0.015,0.02,ATTIJARIWAFA BANK,IRG Asset Management,322920872.25,152.61,0.0012465555701353245,0.0001310701880857,0.0002621747394639,0.0013122498523720036,0.004740272565672706,0.0073267326732674165,0.018690341098725128,0.050020641254988375,0.06370669826444564,0.10843986054619412,MBI+TMP
MA0000036915,3691,FCP IRGAM OBLIGATAIRE,IRG ASSET MANAGEMENT,FCP,OMLT,"]1,1  13]",MBI (MLT),Quotidienne,FGP,Capitalisant,0.03,0.015,0.02,ATTIJARIWAFA BANK,IRG Asset Management,2235322008.7,160.65,0.00872786638201692,-0.0001244787452541,0.0001245097428874,0.008981283758321862,0.020323912353128085,0.045149957712575614,0.07415084247124902,0.1352554589781642,-0.03963414634146339,0.021621621621621658,MBI
MA0000036923,3692,FCP IRGAM ACTIONS,IRG ASSET MANAGEMENT,FCP,Actions,-,Masi,Quotidienne,FGP,Capitalisant,0.03,0.015,0.02,ATTIJARIWAFA BANK,IRG Asset Management,1040984539.86,231.98,0.08681189974232842,8.622176237274448e-05,-0.0028370013755158,0.08691374221056075,0.13183060109289607,0.20004138430500226,0.33667530970901743,0.6473512285186763,0.18122103976780898,0.31388763026733113,Masi
MA0000036972,3697,FCP CFG PREVOYANCE,CFG GESTION,FCP,OMLT,]1.1  8],MBI Global,Quotidienne,FGP,Capitalisant,0.03,0.015,0.02,CFG BANK,CFG Gestion ,695695993.92,166.47,0.005192923132660721,0.0,0.000300444658094,0.00531433057551754,0.017480594095715486,0.042718446601942094,0.07941545344797889,0.1572523396179445,0.09260657019790207,0.17958894057631028,MBI
MA0000037046,3704,AXA MONETAIRE,CIH CAPITAL MANAGEMENT,FCP,Monétaire,-,Taux monetaire interbancaire,Quotidienne,FNPP,Capitalisant,0.0,0.0,0.02,BMCI,BMCI,358324833.84,154383.81,0.002273139372709777,0.0001819174448527,0.0004842229320385,0.002270666777897545,0.006960890533764162,0.013974014059724897,0.030518976120091055,0.06251615620625427,0.0761658157861223,0.11374305388628884,
MA0000037095,3709,AD CASH,AD CAPITAL ASSET MANAGEMENT,FCP,Monétaire,[0  0.5[,MBI a court terme,Quotidienne,FGP,Capitalisant,0.0,0.0,0.006,ATTIJARIWAFA BANK,AD CAPITAL ASSET MANAGEMENT,1162224591.84,1525.19,0.0028009178594675566,0.0002229727514182,0.0005379271436725,0.002860261434470514,0.008997148697728972,0.017234134791743187,0.036338680854244396,0.07356336402286229,0.09078490970856432,0.13798069031381976,MBI
MA0000037186,3718,ALIF II,WAFA GESTION,FCP,OMLT,"]1,1 10]",50% MBI Moyen long terme + 50% MBI Moyen Terme,Quotidienne,FNPP,Capitalisant,0.03,0.015,0.02,ATTIJARIWAFA BANK,WAFA GESTION,2671005412.28,1757.18,0.0039651704909041356,5.122105299110776e-05,0.0003586575958555,0.004625262279242432,0.017457716426466298,0.04385277064917793,0.07566204287515772,0.1659732590159584,0.12165198519085929,0.21077944986494687,MBI
MA0000037202,3720,ATLAS EQUILIBRE,ATLAS CAPITAL MANAGEMENT,FCP,OCT,]0.5  1.1],MBI CT,Quotidienne,FGP,Capitalisant,0.005,0.005,0.0075,ATTIJARIWAFA BANK,Atlas Capital Management+Atlas Capital Bourse+Atlas Portfolio Management,153431247.13,140.11,0.002576028622540348,0.0001427653651224,0.000356989861488,0.002504293073841033,0.00878392972856237,0.01698482978877842,0.037621269347552486,0.07851589562004478,0.090265349000078,0.1435683969964089,MBI
MA0000037251,3725,FCP MAROGEST CASH,MAROGEST,FCP,Monétaire,-,100% TMP,Quotidienne,FGP,Capitalisant,0.0,0.0,0.02,ATTIJARIWAFA BANK,M.S.IN & MAROGEST,77448259.07,131.63,0.0022843219371048726,0.0001519641364636,0.0004560310101087,0.0022843219371048726,0.008581717876024861,0.01566358024691359,0.03320251177394026,0.06608892848465212,0.08177186061801436,0.1037229582424953,TMP
MA0000037327,3732,CAPITAL TRUST MONETAIRE,CAPITAL TRUST GESTION,FCP,Monétaire,-,Taux Repo au jour le jour,Quotidienne,FGP,Capitalisant,0.0,0.0,0.02,BMCI,Capital Trust Gestion,175886659.28,1394.63,0.0015727787193703532,0.00015777282148,0.0003514711578464,0.0016519072346355978,0.004479944684927383,0.008810445224058782,0.022928478696172146,0.050940822739501096,0.06361251353701139,0.10357351986959351,Taux Repo
MA0000037335,3733,CMR ACTIONS,WAFA GESTION,FCP,Actions,-,MASI ,Quotidienne,FNPP,Mixte,0.03,0.015,0.0004,ATTIJARIWAFA BANK,WAFA GESTION,1374313481.55,245852.14,0.079195254374006,0.0022654630562704,-0.0034496111257913,0.08155195922190883,0.1129934024081917,0.178991734661312,0.27407045877382785,0.6198590020055506,0.22034207402043648,0.4572755828473667,MASI
MA0000037350,3735,FCP UPLINE CAPITAL GARANTI,UPLINE CAPITAL MANAGEMENT,FCP,Contractuel,-,TMP interbancaire,Quotidienne,FGP,Capitalisant,0.0,0.0,0.02,BCP,Banque Centrale Populaire,4437448475.04,12819.66,0.001910871333882033,0.0001849064817913,0.0004307741292041,0.0020330398283523636,0.006170610876349103,0.012709765640737562,0.026582135555678402,0.05359592291944209,0.06794990665603688,0.09518260646704539,TMP
MA0000037368,3736,FCP UPLINE HORIZON,UPLINE CAPITAL MANAGEMENT,FCP,OMLT,"]1,1  5,1]",MBI,Quotidienne,FGP,Capitalisant,0.03,0.03,0.02,BCP,Banque Centrale Populaire,10533003488.62,15606.81,0.004359980590846551,0.0001127840026145,0.0004057567459462,0.004448537716996476,0.013917086078431203,0.03249552449717568,0.055429845893329055,0.1264681002176888,0.07818843898769114,0.14890699018334005,MBI
MA0000037376,3737,FCP UPLINE OBLIG PLUS,UPLINE CAPITAL MANAGEMENT,FCP,OMLT,"]1,2  5,2]",50%MBI CT + 50% MBI MLT ,Quotidienne,FGP,Capitalisant,0.03,0.03,0.02,BCP,Upline Capital Management,2779192791.72,1708.47,0.004610056273263389,0.0001580611169652,0.0004801920768306,0.005094687053258942,0.01548968444077243,0.04156582067805087,0.07296409573632948,0.16562621528133123,0.11288652071106128,0.1766970631990743,MBI
MA0000037384,3738,FCP UPLINE OPPORTUNITES,UPLINE CAPITAL MANAGEMENT,FCP,Diversifié,-,80% MBI + 20% MASI,Quotidienne,FGP,Capitalisant,0.03,0.03,0.02,BCP,Banque Centrale Populaire,2079984834.21,18141.25,0.03258568049196424,0.0001091554401031,-0.0012832680780597,0.03310315057665285,0.05112434743813328,0.0830972057539904,0.13688991164329437,0.264481462403785,0.10651045653525078,0.2232194752251068,MBI+MASI
MA0000037392,3739,FCP CAPITAL  OBLIGATIONS BANQUES,BMCE CAPITAL GESTION,FCP,OCT,[0.5  1.1[,90% MBI CT,Quotidienne,FGP,Capitalisant,0.01,0.005,0.01,BMCE,BMCE Capital Gestion,753161887.43,1452.43,0.0028239225596200794,0.0001721549670151,0.0004546174669541,0.002602404981154986,0.009417046591793585,0.018041760999236,0.03965555499881899,0.08307047567914222,0.08766109767330417,0.14350160609686965,MBI
MA0000037400,3740,CFG TRADER,CFG GESTION,FCP,Actions,-,-,Quotidienne,FGP,Capitalisant,0.002,0.002,0.02,CFG BANK,CFG Gestion;CFG BANK,15045687.8,217.58,0.08464606181455643,-0.0015602055800292,-0.0056667580659902,0.0922142462727775,0.13122595403972137,0.20469519960135096,0.34532863414332543,0.6836647837189509,0.30310834281607485,0.503662750518314,
MA0000037442,3744,FCP CAPITAL IMTIYAZ TRESORERIE,BMCE CAPITAL GESTION,FCP,Monétaire,"[0,25  0,5[",MONIA ( Morrocan Overnight Index Average) capitalisé,Quotidienne,FGP,Capitalisant,0.0025,0.0025,0.005,BMCE BANK,BMCE Capital Gestion & BMCE Bank,2262607264.36,139091.85,0.0027501909193956477,0.000224218680954,0.0005428136926875,0.002798917375125663,0.008561894269981364,0.016369476263568907,0.03499369145171631,0.07115331389280237,0.08567881537773454,0.13374971257230936,MONIA
MA0000037459,3745,SECURITE TRESO PLUS,SOGECAPITAL GESTION,FCP,OCT,[0.5  1.1[,MBI (CT),Quotidienne,FNPP,Distribuant,0.03,0.015,0.02,SOCIETE GENERALE,SOGECAPITAL GESTION,5536719.8,1087.12,0.002397373953453896,0.0001379982888209,0.0003864912119259,0.002221791999704599,0.007702931934259257,0.015184057673271016,0.0331581498341599,0.07098032647994608,0.07856696397567149,0.1449310379640669,MBI
MA0000037483,3748,CAPITAL TRUST OBLIG COURT TERME,CAPITAL TRUST GESTION,FCP,OCT,[0.5  1.1[,MBI (CT),Quotidienne,FGP,Capitalisant,0.02,0.015,0.02,BMCI,Capital Trust Gestion + Capital Trust Securities,150427912.2,1400.36,0.0027425117970970385,0.0001999885720815,0.0004786774214289,0.0027784142988083477,0.008541591645660714,0.015666250834082733,0.034399722261207376,0.07555357568030469,0.08029962893532977,0.13455617850082632,MBI
MA0000037517,3751,FCP CFG TRESOCORP,CFG GESTION,FCP,Monétaire,[0  0.5[,CFG Bonds Monétaire,Quotidienne,FGP,Capitalisant,0.005,0.005,0.004,CFG BANK,CFG Gestion;CFG BANK,128976110.09,2303144.82,1.7606671364390175e-05,5.208367550096e-05,-4.070355594991621e-05,-9.362841894385069e-05,0.0002821721507056747,-0.005510807699240687,-0.005028063745221791,-0.015520141975724086,-0.021437619481040247,-0.03522685128200108,CFG
MA0000037558,3755,FCP CIMR MONETAIRE PLUS,UPLINE CAPITAL MANAGEMENT,FCP,OCT,]0.5 1.1],100% MBI CT,Quotidienne,FNPP,Capitalisant,0.03,0.03,0.02,BCP,Upline Capital Management,22613998.71,1354.13,0.002316802368615921,0.0001107845019868,0.0003250374901196,0.001612485668848747,0.00835499028229742,0.015828601006729132,0.03418437874703118,0.07063623210177196,0.08158212126294946,0.12721112785209493,MBI
MA0000037566,3756,CIMR MONETAIRE,CIH CAPITAL MANAGEMENT,FCP,Monétaire,-,Taux monétaire interbancaire au jour le jour,Quotidienne,FNPP,Capitalisant,0.03,0.015,0.02,BMCI,BMCI ASSET MANAGEMENT,28154258.48,126820.98,0.0018476607685665215,0.000156465470263,0.0004061702859259,0.0018065872579275536,0.006643701842091352,0.012997774489363371,0.03004513336674734,0.06327234837503021,0.07867073953441456,0.11303306714770764,
MA0000037616,3761,FCP EMERGENCE BANCAIRES,VALORIS MANAGEMENT,FCP,OCT,"]0,5 1,1]",MBI (CT),Quotidienne,FGP,Capitalisant,0.0,0.0,0.02,BMCE BANK,VALORIS MANAGEMENT et CAPITAL GESTION GROUP,3617473816.09,1370.73,0.0027946243717581524,0.0001605241844277,0.0004087084084456,0.002728602779809816,0.0091511448133697,0.01944087045121569,0.04193651372799422,0.08323850165955422,0.09616307337982215,0.15357037660424996,MBI
MA0000037624,3762,AD YIELD FUND,AD CAPITAL ASSET MANAGEMENT,FCP,OCT,"]0,5 1,1]",MBI (CT),Quotidienne,FGP,Capitalisant ,0.03,0.03,0.02,BMCE BANK,AD CAPITAL ASSET MANAGEMENT,1788647756.46,1308.4,0.003389622540223065,0.0001681725756394,0.0004664357427416,0.0035897278556745803,0.010448925374748199,0.019956345494231476,0.04336453964051619,0.08764142081681177,0.09079692202519411,0.1475179793018769,MBI
MA0000037632,3763,AD FIXED INCOME FUND,AD CAPITAL ASSET MANAGEMENT,FCP,Monétaire,"]0  0,5]",MBI CT,Quotidienne,FGP,Capitalisant ,0.03,0.03,0.02,BMCE BANK,AD CAPITAL ASSET MANAGEMENT,295200762.15,1250.62,0.0027260627635861063,0.0002159395369296,0.0005680408989445,0.0027823437437355567,0.008548249221786671,0.01657413654357305,0.03439947726689985,0.06935383194671264,0.08233807595111976,0.11803252308710072,MBI
MA0000037673,3767,FCP CAPITAL MONETAIRE PLUS,BMCE CAPITAL GESTION,FCP,Monétaire,"Inferieure à 0,25",MONIA ( Morrocan Overnight Index Average) capitalisé,Quotidienne,FGP,Capitalisant,0.01,0.005,0.004,BMCE BANK,BMCE CAPITAL GESTION + BMCE BANK,363026545.59,1248.96,0.0019654876414950907,0.0001681681681681,0.0004085065481196,0.0020137189618516516,0.006495285679748525,0.012968685369473716,0.027696864971612015,0.056712326449112865,0.07146166120481097,0.11484423815049548,MONIA
MA0000037715,3771,FCP CAPITAL RENDEMENT,BMCE CAPITAL GESTION,FCP,OCT,"]0,5  1,1[",Taux Repo au jour le jour,Quotidienne,FGP,Capitalisant,0.03,0.015,0.01,BMCE,BMCE BANK + BMCE CAPITAL GESTION,2656930274.77,2462.44,0.0030673222236253877,0.000178716490658,0.0004916241066458,0.003075494217663595,0.010148910858596316,0.019027834104433764,0.04069479956891996,0.08384904530929514,0.08739081667800087,0.14578990470518174,Taux Repo
MA0000037798,3779,CDM OBLIG PLUS,WAFA GESTION,FCP,OCT,"]0,5  1,1]",MBI CT,Quotidienne,FGP,Capitalisant,0.03,0.015,0.01,CREDIT DU MAROC,CREDIT DU MAROC,3686385796.6,2675.58,0.002596818616154174,0.000134568371947,0.0003589294927877,0.002457830964174096,0.008978908427201433,0.017446857055937983,0.0379074115739411,0.08231934241610304,0.0894232805094545,0.14279490530739844,MBI
MA0000037814,3781,FCP CFG CASH SECURE,CFG GESTION,FCP,Monétaire,"Inférieur ou egale à 0,5",CFG Bonds monétaire,Quotidienne,FGP,Capitalisant,0.005,0.005,0.006,CFG BANK,CFG Gestion;CFG BANK,117668524.35,1212.97,0.002131544378258187,0.0001979006044214,0.0004618899547182,0.0021481034724919953,0.006797921612244605,0.013739730721335908,0.03028938852129013,0.06297377115264972,0.0764254337311977,0.10768458061275749,CFG
MA0000037889,3788,FCP IRGAM OBLIBANQUES,IRG ASSET MANAGEMENT,FCP,OCT,"]0,5 1,1]",MBI CT,Quotidienne,FGP,Capitalisant,0.03,0.015,0.02,BMCE BANK,IRG Asset Management,983234228.35,126.83,0.003163806058688535,0.0002365930599369,0.000552224676554,0.003243157728207535,0.010356090177646755,0.01936987622568716,0.04078450681109469,0.08078397954835964,0.0873628257887517,0.13789700340929487,MBI
MA0000037954,3795,CAPITAL TRUST TRESORERIE,CAPITAL TRUST GESTION,FCP,Monétaire,"[0  0,5]",Taux Repo au jour le jour,Quotidienne,FGP,Capitalisant,0.02,0.015,0.02,ATTIJARIWAFA BANK,CAPITAL TRUST GESTION+CAPITAL TRUST SECURITIES,785014930.6,1233.12,0.0028137859245643583,0.0002027788817961,0.0004868075163079,0.002936129027010679,0.008282978601623792,0.016989410483950706,0.03540001343454008,0.06651905795659944,0.09169138152361554,0.13272645435088118,Taux Repo
MA0000037962,3796,CAPITAL TRUST CASH PLUS,CAPITAL TRUST GESTION,FCP,OCT,"]0,5 1,1]",MBI CT,Quotidienne,FGP,Capitalisant,0.02,0.015,0.02,ATTIJARIWAFA BANK,CAPITAL TRUST GESTION+CAPITAL TRUST SECURITIES+CAPITAL TRUST,2565235176.59,1247.1,0.0033711209983022317,0.0001764403952263,0.0004652953823443,0.0034437810785149683,0.010231111327128145,0.01920562275253351,0.04181982222816276,0.08177268114119167,0.08103188224892081,0.13522370397341948,MBI
MA0000038002,3800,CFG LIQUID BONDS,CFG GESTION,FCP,OCT,"[0,5  1,1[",CFG BONDS CT,Quotidienne,FGP,Capitalisant,0.005,0.005,0.01,CFG BANK,CFG Gestion;CFG BANK,2279163031.47,1231980.02,0.003838473316831833,0.0001278024946757,0.0003959179774103,0.0051135983616121955,0.01300330882505295,0.02286273102335531,0.04541223033516935,0.08955680452746506,0.09854462679421788,0.14709932702352682,CFG
MA0000038051,3805,CAPITAL TRUST OBLIG PLUS,CAPITAL TRUST GESTION,FCP,OMLT,]2   6],70% MBI MT + 30% MBI MLT,Quotidienne,FGP,Capitalisant,0.03,0.015,0.02,ATTIJARIWAFA BANK,Capital Trust,21700879.7,1252.94,0.004763432237369731,0.0001117496807152,0.0003273374689628,0.004876249137834364,0.015537742042682245,0.03601845573765065,0.12861209195070977,0.17173852052744795,0.11032930417213144,0.16946368235359996,MBI
MA0000038077,3807,CAPITAL TRUST EQUILIBRE,CAPITAL TRUST GESTION,FCP,Diversifié,-,70% MBI Global et 30% MASI,Quotidienne,FGP,Capitalisant,0.03,0.015,0.02,ATTIJARIWAFA BANK,Capital Trust,1372960307.72,1191.74,0.05121374638345912,-0.0001258505398988,-0.000804896453425,0.0511673855327106,0.07569411849658798,0.11553762484672059,0.18622405812969695,0.32053143040765897,0.09385125150299681,0.1380360775026499,MBI+MASI
MA0000038101,3810,FCP ALIF IV,VALORIS MANAGEMENT,FCP,OMLT,"]1,1   10]",50 % MBI MT + 50% MBI MLT,Quotidienne,FNPP,Capitalisant,0.03,0.015,0.02,CDG Capital,VALORIS MANAGEMENT,2646201905.21,1305.23,0.004424846861821652,7.661543647807193e-06,0.0003142195858433,0.0044944166108711915,0.0161543971101146,0.0410525140377744,0.07827473398982222,0.16350362360827597,0.11754884668732979,0.20293261077932617,MBI
MA0000038119,3811,FCP EMERGENCE TRESOR PLUS,VALORIS MANAGEMENT,FCP,OCT,"]0,5 1,1]",MBI CT,Quotidienne,FNPP,Capitalisant,0.03,0.015,0.02,BCP,VALORIS MANAGEMENT+ CAPITAL GESTION GROUP,253875418.05,1171.12,0.0023451274414144213,9.3936003962306e-05,0.0003331254858078,0.002036381059944797,0.0065665073744283296,0.013605677687380819,0.03019000703729762,0.06480942682572008,0.07067955129318615,0.1293455095998996,MBI
MA0000038127,3812,FCP EMERGENCE TRESOR,VALORIS MANAGEMENT,FCP,Monétaire,"[0   0,5]",TMP au jour le jour,Quotidienne,FGP,Capitalisant,0.0,0.0,0.02,BCP,VALORIS MANAGEMENT+ CAPITAL GESTION GROUP,163897206.05,1139.77,0.0017490200214452787,0.0001579515439763,0.0002720586944692,0.0018282660478688634,0.006703881008320159,0.013029837082596443,0.027986723668308146,0.05785990737217259,0.07029702040548018,0.10236669793893195,TMP
MA0000038143,3814,CFG PROFIL EQUILIBRE,CFG GESTION,FCP,Diversifié,-,25% CFG 25f  et 75% MBI MT,Quotidienne,FGP,Capitalisant,0.002,0.001,0.02,CFG BANK,CFG Gestion;CFG BANK,30053248.19,1297.08,0.030696491715999745,-0.0004161464835621,-0.0013934975248097,0.03179514919139934,0.0472822400930142,0.06833812422268166,0.11108446119581962,0.20978212207133248,0.14110267531165038,0.22162050161522737,MBI+CFG
MA0000038150,3815,CFG PROFIL OFFENSIF,CFG GESTION,FCP,Actions,-,80% CFG 25f  et 20% MBI Global,Quotidienne,FGP,Capitalisant,0.0025,0.0025,0.02,CFG BANK,CFG Gestion;CFG BANK,7260736.2,1542.54,0.09518839591897586,-0.0010943965600979,-0.0063130499761649,0.0987926060476547,0.1355816162017713,0.18247604446147947,0.29458763102901314,0.5461580097427982,0.27518476266058217,0.39835555837586467,MBI+CFG
MA0000038168,3816,CFG PROFIL PRUDENT,CFG GESTION,FCP,OMLT,"]1,1   2]",5% CFG 25f  et 95% MBI MT,Quotidienne,FGP,Capitalisant,0.0,0.0,0.02,CFG BANK,CFG Gestion;CFG BANK,7950284.44,1145.9,0.0085727362343332,-7.853471670775325e-05,0.0002793344855882,0.009194511475525385,0.018568723833566014,0.0348128414683706,0.06280954942588438,0.09458581690356103,0.0697448631895369,0.11128351840178441,MBI+CFG
MA0000038176,3817,CFG PROFIL CONSERVATEUR,CFG GESTION,FCP,OMLT,"]1,1   4[",50% MBI CT et 50% MBI MT ,Quotidienne,FGP,Capitalisant,0.0,0.0,0.02,CFG BANK,CFG Gestion;CFG BANK,32295522.26,1137.61,0.0021759430554819667,6.153629762464295e-05,0.0002725753978721,0.0018758586676998993,0.008001205054138805,0.015070668855735485,0.03355198604499022,0.0705003340579095,0.06465952906824385,0.10360784237638358,MBI
MA0000038184,3818,CFG PROFIL DYNAMIQUE,CFG GESTION,FCP,Diversifié,-,40% CFG 25 et 60% MBI Global,Quotidienne,FGP,Capitalisant,0.002,0.002,0.02,CFG BANK,CFG Gestion;CFG BANK,6758303.79,1307.72,0.05285531411273124,-0.0004356832200811,-0.003163423205043,0.05559187956572638,0.0754011003018018,0.10417616562811365,0.16577521038368281,0.31038007154523684,0.12837592972889017,0.2295801795872315,MBI+CFG
MA0000038200,3820,FCP EMERGENCE OBLIRENDEMENT,VALORIS MANAGEMENT,FCP,OMLT,"]1,1   5,1]",MBI Global,Quotidienne,FGP,Capitalisant,0.03,0.015,0.02,BCP,VALORIS MANAGEMENT+ CAPITAL GESTION GROUP,2603329731.46,1166.48,0.008045490290968436,5.1439447197360665e-05,0.0002658274522582,0.008176176729875055,0.017906384166986616,0.03823696952435207,0.06903725427301463,0.1429691250967596,0.050987034751191485,0.10911649488457002,MBI
MA0000038218,3821,FCP CMR EQUITIES,VALORIS MANAGEMENT,FCP,Actions,-,MASI,Quotidienne,FNPP,Capitalisant,0.0,0.0,0.02,BCP,VALORIS MANAGEMENT+ CAPITAL GESTION GROUP,1366586333.99,1727.98,0.08910878608344895,-0.0002082923498848,-0.0037992124849385,0.08947272188491055,0.1326782776273787,0.21559468452561012,0.3775680221944085,0.7508992714634567,0.32647061081301,0.610884784979817,MASI
MA0000038234,3823,ALIF III,BMCE CAPITAL GESTION,FCP,OMLT,"]1,1   10]",50 MBI MT + 50% MBI MLT,Quotidienne,FNPP,Capitalisant,0.03,0.03,0.02,BMCE BANK,BMCE CAPITAL GESTION,2400573253.64,1255.2,0.004160000000000036,3.186844705054624e-05,0.0003426922862357,0.004417130785481068,0.016487966052282182,0.04083054164317225,0.07556918963847786,0.16870420200929234,0.11145546474458318,0.1974357017476914,MBI
MA0000038259,3825,CAPITAL TRUST CROISSANCE,CAPITAL TRUST GESTION,FCP,Diversifié,-,75% MBI Global et 25% (MASI),Quotidienne,FGP,Capitalisant ,0.03,0.015,0.02,BMCI,CAPITAL TRUST GESTION;CAPITAL TRUST SECURITIES;CAPITAL TRUST,1329089469.16,1259.07,0.049583607732642004,-0.0001032401524778,-0.0017917594919648,0.04869191494323722,0.07392528147389955,0.11134943332274111,0.17880515686880322,0.30416813407636056,0.09797509418166589,0.13275634047376986,MBI+MASI
MA0000038267,3826,CAPITAL TRUST OBLIG PREMIUM,CAPITAL TRUST GESTION,FCP,OMLT,"]1,1   5,1]",90% MBI MT et 10%  MBI MLT,Quotidienne,FGP,Capitalisant ,0.03,0.015,0.02,BMCI,CAPITAL TRUST GESTION;CAPITAL TRUST SECURITIES;CAPITAL TRUST,2554430931.87,1173.13,0.011467197778985009,-8.523477919922697e-05,0.0001449324785159,0.011693990013539652,0.02127641051980957,0.04337578711444752,0.07109727370669988,0.13281317896078584,0.049874709146232335,0.10801212727976815,MBI
MA0000038283,3828,CAPITAL TRUST OPPORTUNITÉ,CAPITAL TRUST GESTION,FCP,OMLT,"]1,1   5,1]",50% MBI MT et 50% MBI MLT,Quotidienne,FGP,Capitalisant ,0.03,0.015,0.02,BMCI,CAPITAL TRUST GESTION;CAPITAL TRUST SECURITIES;CAPITAL TRUST,1111199.77,1063.35,0.002063779260431817,0.0001034573567584,0.0002351613206659,0.002214891611687002,0.008583894527174386,0.020802933722448205,0.038884275316301065,0.08763693270735519,-0.04164713940661167,0.0014031981617162424,MBI
MA0000038309,3830,CFG SECURE BONDS,CFG GESTION,FCP,OMLT,]2 6],MBI Global,Quotidienne,FGP,Capitalisant,0.0,0.0,0.02,CFG BANK,CFG Gestion;CFG BANK,1968711041.98,1607.1,0.0064062822897292945,5.600462971600559e-05,0.0005914765121562,0.006607998496758608,0.01845397280066914,0.0428603873982025,0.07705814545746993,0.26629055896118614,0.15823687965752334,0.22723419852924326,MBI
MA0000038317,3831,CFG SOVEREIGN BONDS,CFG GESTION,FCP,OMLT,]2 6],MBI Global,Quotidienne,FGP,Capitalisant,0.0,0.0,0.02,CFG BANK,CFG Gestion;CFG BANK,728548843.47,1425.83,0.006686153237877396,4.208252382919085e-05,0.0003367593924299,0.006920757328587639,0.018326346086546527,0.04322663252240712,0.07823831454131601,0.1612128220998793,0.05715705028396868,0.12403724112921656,MBI
MA0000038333,3833,IRGAM SECURIFINANCE,IRG ASSET MANAGEMENT,FCP,Monétaire,"]0  0,5]",MONIA,Quotidienne,FGP,Capitalisant,0.03,0.015,0.02,ATTIJARIWAFA BANK,IRG Asset Management,110739354.09,114.78,0.017733640716439084,0.0002614379084967,0.0006102345044024,0.017823889332269267,0.02290348453792004,0.03601408069320331,0.051676745464540964,0.14676790888200617,0.07724073205068047,0.13756194251734385,MONIA
MA0000038358,3835,IRGAM BALANCE,IRG ASSET MANAGEMENT,FCP,Diversifié,-,50% MASI + 50% MBI Global,Quotidienne,FGP,Capitalisant,0.03,0.015,0.02,ATTIJARIWAFA BANK,IRG Asset Management,2050762085.64,116.26,0.05222192053579519,-0.0001719986240109,-0.0022313765877101,0.052031490362863086,0.07727946627131212,0.12047031611410948,0.1951069078947369,0.3452904420273085,0.08461610224834414,0.15670082578847874,MBI+MASI
MA0000038382,3838,FCP CAPITAL OBLIGATIONS BANQUES PLUS,BMCE CAPITAL GESTION,FCP,OCT,"]0,5 1,1]",90% MBI CT + 10% MBI MT,Quotidienne,FGP,Capitalisant,0.01,0.01,0.01,BMCE BANK,BMCE; BMCE CAPITAL GESTION,746319107.07,1176.46,0.0031036305656452824,0.0002295547488075,0.0005528104030413,0.002966802503026495,0.00979357109136954,0.016977576459604866,0.03815675685215581,0.08367568762550447,0.10054444423656198,0.16321102640919927,MBI
MA0000038390,3839,FCP CAPITAL DIVERSIFIES,BMCE CAPITAL GESTION,FCP,Diversifié,-,75% MBI + 25% MASI.,Quotidienne,FGP,Capitalisant,0.03,0.03,0.02,BMCE BANK,BMCE; BMCE CAPITAL GESTION,1107041.85,1107.04,0.01995614439182577,0.0007774503245402,0.0001174440559755,0.02086849070001188,0.03343850936315597,0.045225371527843214,0.06618383542645816,0.10085320498796758,0.07429547395388551,0.10032799920485035,MBI+MASI
MA0000038416,3841,FCP ALPHA GLOBAL,RED MED ASSET MANAGEMENT,FCP,OCT,"]0,5 1,1]",100% MBI Court Terme,Quotidienne,FGP,Capitalisant,0.02,0.02,0.02,BMCE BANK,RED MED ASSET MANAGEMENT,1470643360.68,1141.51,0.0028111850023280526,0.0001577107409776,0.0004382082540906,0.0027407127610044805,0.008989340074601865,0.017778649571582743,0.0392953065962581,0.08206153904487452,0.08226671976032006,0.1316084262701363,MBI
MA0000038432,3843,FCP AFRICAPITAL CASH PLUS,AFRICAPITAL MANAGEMENT,FCP,OCT,"]0,5 1,1]",MBI CT,Quotidienne,FGP,Capitalisant,0.03,0.03,0.02,BCP,AFRICAPITAL MANAGEMENT + AFRICA CAPITAL PARTNERS + AFRICAPITAL ASSET MANAGEMENT,1305508436.91,115063.32,0.0026044657394688068,0.0001521133058115,0.0004130736461362,0.002347774675307051,0.010895053829530906,0.018618419340337578,0.04044055680500468,0.08173521266163394,0.08618424083330756,0.1438271993981412,MBI
MA0000038440,3844,FCP ALPHA MONETAIRE PROTECTION,RED MED ASSET MANAGEMENT,FCP,Monétaire,"]0 0,5]",100 % MBI Monétaire,Quotidienne,FGP,Capitalisant,0.02,0.02,0.02,BCP,RED MED ASSET MANAGEMENT,777088720.04,1125.73,0.002707782201676298,0.0002221274478444,0.0005510572299598,0.002743508662539462,0.00898987182934478,0.01688285879462355,0.03499223109950623,0.07158291529037729,0.08670637410585855,0.11623087525160884,MBI
MA0000038507,3850,UPLINE HORIZON DYNAMIQUE,UPLINE CAPITAL MANAGEMENT,FCP,OCT,"]0,5 1,1]",75% MBI CT + 25% MBI MT,Quotidienne,FGP,Mixte,0.03,0.03,0.02,BCP,Crédit Populaire du Maroc,1160819714.47,1113.96,0.0023124195826846887,0.0001526320042378,0.0003861593311361,0.0022943828110237935,0.007780270681045214,0.014905247813411196,0.03274493807016236,0.07046692868742965,0.07627945623713785,0.11801840681674482,MBI
MA0000038523,3852,CAPITAL TRUST SERENITÉ,CAPITAL TRUST GESTION,FCP,OMLT,"]1,1   5,1]",50% MBI MT + 50% MBI MLT,Quotidienne,FGP,Capitalisant ,0.03,0.015,0.02,CIH,Capital Trust Gestion; Capital Trust Securities,1215041485.18,1173.1,0.004461036570224772,8.525149190103073e-05,0.0003837462158357,0.004770755355322721,0.012200593635673253,0.028007080638659417,0.05443399787872791,0.1651883709611736,0.11071134381775645,0.1719983215777168,MBI
MA0000038531,3853,CAPITAL TRUST SECURIPLUS,CAPITAL TRUST GESTION,FCP,OCT,"]0,5 1,1]",MBI CT,Quotidienne,FGP,Capitalisant ,0.02,0.015,0.02,CIH,Capital Trust Gestion; Capital Trust Securities,1032070.16,1114.55,0.0015186097083191548,9.870428197112446e-05,0.0002602624163121,0.001338652004384318,0.005367129713151764,0.010059359282251039,0.024063728913227292,0.06152673936854127,0.0786315687602826,0.11311408283314524,MBI
MA0000038556,3855,UPLINE PATRIMOINE,UPLINE CAPITAL MANAGEMENT,FCP,Diversifié,-,60% MBI + 40% MASI,Quotidienne,FGP,Mixte,0.03,0.03,0.02,BCP,Crédit Populaire du Maroc,1149727976.03,1194.64,0.029702287576065384,0.0,-0.001237334046751,0.0317476767886131,0.05406001570537334,0.09663672238571847,0.16812003115841267,0.34303154549023895,0.1910471949329214,0.333088503212296,MBI+MASI
MA0000038606,3860,TWIN CASH,TWIN CAPITAL GESTION,FCP,Monétaire,"[0  0,5]",MONIA,Quotidienne,FGP,Capitalisant,0.0,0.0,0.006,CFG Bank,Twin Capital Gestion; CFG Bank,952709770.19,1118.85,0.00263462107159164,0.0001966691399299,0.0004918179379414,0.00265259120522615,0.00845448727770907,0.016803591551855766,0.0357612338227397,0.06871650858239946,0.08528222090733593,-,MONIA
MA0000038655,3865,TWIN TREASURY,TWIN CAPITAL GESTION,FCP,OCT,"]0,5 1,1]",MBI CT,Quotidienne,FGP,Capitalisant,0.0,0.0,0.008,CIH,Twin Capital Gestion; CIH Bank,798699384.54,1131.33,0.0035126001224088247,0.0001856566942499,0.0004952377583416,0.0035036988415616897,0.010422806923530219,0.019519316553569848,0.04041825304861209,0.08071988766084275,0.09239697192074449,-,MBI
MA0000038739,3873,ALIFV,SOGECAPITAL GESTION,FCP,OMLT,"]1,1  10]",50% MBI MT + 50% MBI MLT,Quotidienne,FNPP,Capitalisant,0.03,0.02,0.02,SOCIETE GENERALE,SOGECAPITAL GESTION,1283457490.43,1182.87,0.0039040287879687245,4.227185877813575e-05,0.0003551947228211,0.004040369744760668,0.014912182858711685,0.03902708970169692,0.07394999182873001,0.16012004589990278,0.11399188193967016,-,MBI
MA0000038754,3875,FCP EMERGENCE OBLIG COURT TERME,VALORIS MANAGEMENT,FCP,OCT,"]0,5 1,1]",MBI CT,Quotidienne,FGP,Capitalisant,0.03,0.015,0.02,ATTIJARIWAFA BANK,Valoris Management; Capital Gestion Group,866837464.45,1116.81,0.00301764785127298,0.0001701563647436,0.0004747912710072,0.0029365806347324587,0.009637029335985042,0.018086182849120686,0.039337763135853465,0.08093380694741517,0.08322987390882633,-,MBI
MA0000038762,3876,FCP EMERGENCE TRESORERIE,VALORIS MANAGEMENT,FCP,Monétaire,"]0  0,5]",MONIA,Quotidienne,FGP,Capitalisant,0.03,0.015,0.02,CDG Capital,Valoris Management; Capital Gestion Group,891467949.31,1107.33,0.0023535162437879923,0.0001987155747848,0.0004155862928799,0.002417033295312445,0.00850645269993344,0.016738591497566815,0.036185503340632044,0.0722045780239358,0.08879864702759035,-,MONIA
MA0000038770,3877,FCP EMERGENCE OBLIHORIZON,VALORIS MANAGEMENT,FCP,OMLT,"]1,1  10]",50% MBI MT + 50% MBI MLT,Quotidienne,FNPP,Capitalisant,0.03,0.015,0.02,CIH,Valoris Management,1243282933.06,1108.31,0.006840603935391243,9.926006136067492e-05,0.0001714615745587,0.007023569390684928,0.019154375252878147,0.044343934040047064,0.08444144382148898,0.14345995914408927,0.06252576479498416,-,MBI
MA0000038812,3881,FCP SERENITE CT,CDG CAPITAL GESTION,FCP,OCT,"]0,5 1,1]",80% MBI CT+20% MBI MT,Quotidienne,FGP,Capitalisant,0.03,0.015,0.02,CDG Capital,CDG Capital Gestion,1071198.33,1071.19,0.0020392699787654595,9.33628359896334e-05,0.0002988224527721,0.0015333551493619747,0.006710210986325925,0.012505198684260291,0.026643920298258517,0.056963274327551175,0.0620563156851081,-,MBI
MA0000038820,3882,DAILY EQUITY FUND,CDG CAPITAL GESTION,FCP,Actions,-,100% MASI RENTABILITE BRUT,Quotidienne,FGP,Capitalisant,0.03,0.015,0.02,CDG Capital,CDG Capital Gestion,68086530.5,1334.19,0.09464814617296927,-0.0020420070011668,-0.0032274693502476,0.10077142032094394,0.11937142905085113,0.17222383299507102,0.26988311886088473,0.5853018060836502,0.1512455669551561,-,MASI
MA0000038846,3884,R-MIXT SELECTION,UPLINE CAPITAL MANAGEMENT,FCP,Diversifié,-,45% MBI MLT + 30%  MBI MT  + 25% MASI Rentabilité,Quotidienne,FNPP,Capitalisant,0.03,0.015,0.02,CDG,UPLINE CAPITAL MANAGEMENT,5308559860.76,1205.49,0.030324527140793683,0.0001244462143462,-0.0012510356255178,0.03098540957528695,0.04869901088289794,0.08425900108831551,0.14494529291087294,0.28591086553026257,0.1283872960602062,-,MBI+MASI
MA0000038853,3885,R-MIXT COUVERTURE,IRG ASSET MANAGEMENT,FCP,Diversifié,-,45% MBI MLT + 30%  MBI MT  + 25% MASI Rentabilité,Quotidienne,FNPP,Capitalisant,0.03,0.015,0.02,CDG,IRG Asset Management,1701289700.85,1219.0,0.02767731438158099,0.0004185508293051,-0.0009506949908209,0.02831883789004828,0.0444065560286847,0.07891382850669129,0.13562258948035244,0.2891967637882714,0.12933110987585686,-,MBI+MASI
MA0000038861,3886,R-MIXT PERFORMANCE,BMCE CAPITAL GESTION,FCP,Diversifié,-,45% MBI MLT + 30% MBI MT + 25% MASI Rentabilité,Quotidienne,FNPP,Capitalisant,0.03,0.015,0.02,CDG,BMCE CAPITAL GESTION,5697200258.49,1219.11,0.0309336761012405,3.281189759403777e-05,-0.0013679778502269,0.03217312528045652,0.049690029275012745,0.08749096812752552,0.14682558347365543,0.2989430391885268,0.13495321882418637,-,MBI+MASI
MA0000038879,3887,R-MIXT CROISSANCE,CFG GESTION,FCP,Diversifié,-,45% MBI MLT + 30% MBI  MT + 25% MASI Rentabilité.,Quotidienne,FNPP,Capitalisant,0.03,0.015,0.02,CDG,CFG Gestion,2365476365.41,1254.21,0.032603057771630514,0.0003509415602543,-0.0005817011171848,0.03324957778967758,0.05211015946782552,0.08954679315107757,0.15294669203827815,0.29726626741552126,0.16761934907276377,-,MBI+MASI
MA0000038895,3889,CFG INSTICASH,CFG GESTION,FCP,Monétaire,"]0  0,5]",TMP interbancaire,Quotidienne,FGP,Capitalisant,0.005,0.005,0.02,CFG BANK,CFG Gestion;CFG BANK,3323170518.36,1460.92,0.0024083819927130943,0.000191696790448,0.0004519743059455,0.0024496517651903553,0.008282030753940866,0.01601652421256144,0.034667875379788556,0.07217977791966662,0.08716391698107599,-,TMP
MA0000038903,3890,CAPITAL TRUST BONDS,CAPITAL TRUST GESTION,FCP,OMLT,"]1,1   8]",50% MBI MT + 50% MBI MLT,Quotidienne,FNPP,Capitalisant,0.0,0.0,0.02,BCP,Capital Trust Gestion,991914996.82,1124.1,0.005420199635075619,4.448200702811665e-05,0.0002402498598542,0.0056990507546544255,0.012693579337123015,0.03716484287058734,0.08409682708072119,0.15116386240514484,0.064821393048964,-,MBI
MA0000038929,3892,FCP OCT DYNAMIQUE,CDG CAPITAL GESTION,FCP,OCT,"]0,5 1,1]",90% MBI CT +10% MBI MT,Quotidienne,FGP,Capitalisant,0.03,0.015,0.02,ATTIJARIWAFA BANK,CDG CAPITAL GESTION,1086671.52,1086.67,0.002000922083909703,0.0001288505609602,0.0003129804019037,0.002037880604171695,0.006791187206997012,0.012947668673912732,0.028001929862733914,0.0695570866141733,0.07766075607917813,-,MBI
MA0000038945,3894,FCP MONETAIRE DYNAMIQUE,CDG CAPITAL GESTION,FCP,Monétaire,"]0  0,5[",50% MONIA + 50% MBI CT,Quotidienne,FGP,Capitalisant,0.03,0.015,0.02,ATTIJARIWAFA BANK,CDG CAPITAL GESTION,6197832.4,1080.89,0.0020952504565977127,0.0001943220934967,0.0004813165859846,0.0022067481989041446,0.006846507815265511,0.01326471305097783,0.027354554181597174,0.056567809035991595,0.07304603349515061,-,MBI+MONIA
MA0000038952,3895,AFG CASH MANAGEMENT,AFG ASSET MANAGEMENT,FCP,Monétaire,"]0  0,5]",MONIA,Quotidienne,FGP,Mixte,0.03,0.015,0.02,SOCIETE GENERALE,CIH;AFG ASSET MANAGEMENT,1611028560.89,1760.5,0.0028139169267926215,0.0002158943708384,0.0005797167344897,0.0028310538697715374,0.009125405541735016,0.017541831633095344,0.03686296682391877,0.07457639533180335,0.09368884692083565,0.12560915883333063,MONIA
MA0000038960,3896,AFG LIQUIDITY FUND,AFG ASSET MANAGEMENT,FCP,OCT,"]0,5 1,1[",MBI CT,Quotidienne,FGP,Mixte,0.03,0.015,0.02,SOCIETE GENERALE,CIH;AFG ASSET MANAGEMENT,3071686816.79,1828.7,0.003176240187392665,0.0001968999201462,0.0005197647380659,0.003181743375939412,0.010571572251971523,0.020064371098826944,0.04366535592601258,0.09229592994779533,0.10783304052826073,0.1501366365091494,MBI
MA0000038978,3897,AFG INCOME FUND,AFG ASSET MANAGEMENT,FCP,OMLT,]3   7],MBI Global,Quotidienne,FGP,Mixte,0.03,0.03,0.02,SOCIETE GENERALE,CIH;AFG ASSET MANAGEMENT,1956774133.47,2340.25,0.009781755106619867,1.281930758655173e-05,-5.554653517809464e-05,0.009964784477550169,0.02254157454580416,0.048964370397263916,0.08374509704039537,0.17629466552065584,0.1479635634084009,-,MBI
MA0000038986,3898,AFG OPTIMAL FUND,AFG ASSET MANAGEMENT,FCP,Diversifié,-,70% MBI Global et 30% MASI,Quotidienne,FGP,Mixte,0.03,0.015,0.02,SOCIETE GENERALE,CIH;AFG ASSET MANAGEMENT,1533892783.83,4365.71,0.04020519565305441,-4.80998277568156e-05,-0.0017880293492898,0.040976570510222174,0.06494498069262607,0.10172588268843008,0.17036888102514616,0.3249298189708805,0.15022710985583004,-,MBI+MASI
MA0000038994,3899,AFG DYNAMIC FUND,AFG ASSET MANAGEMENT,FCP,Actions,-,MASI,Quotidienne,FGP,Mixte,0.03,0.015,0.02,SOCIETE GENERALE,CIH;AFG ASSET MANAGEMENT,742106953.07,7512.42,0.09169143131171487,-0.0006531574375476,-0.003990708675615,0.09536043392044799,0.14086598915083737,0.21018937953876185,0.33258949952638245,0.648845411826161,0.24579534411679835,-,MASI
MA0000039000,3900,UPLINE RETAIL SERENITE PLUS,UPLINE CAPITAL MANAGEMENT,FCP,OMLT,"]1,1   5,1]",75% MBI MT + 25% MBI MLT,Quotidienne,FGP,Mixte,0.03,0.03,0.02,BCP,Groupe Banque Populaire,1050451.33,1050.45,0.0024430045138325064,6.664254841099063e-05,0.0002666234990525,0.001745150769583028,0.008699910696280878,0.016262915521845077,0.03617155595888662,0.08074323281582767,0.04333445898969031,-,MBI
MA0000039018,3901,UPLINE RETAIL SERENITE,UPLINE CAPITAL MANAGEMENT,FCP,OCT,"]0,5 1,1]",85% MBI CT + 15% MBI MT,Quotidienne,FGP,Mixte,0.03,0.03,0.02,BCP,Groupe Banque Populaire,1073651.07,1073.65,0.0019878303718083743,0.0001304133170628,0.0003633788643945,0.001856932235970372,0.0067136119419779665,0.012992036834358588,0.030859041199796544,0.062125933620220675,0.06683293752918859,-,MBI
MA0000039034,3903,FH2 ACTIONS,BMCE CAPITAL GESTION,FCP,Actions,-,MASI RB,Quotidienne,FNPP,Mixte,0.0,0.0,0.02,BMCE BANK OF AFRICA,BMCE CAPITAL GESTION,1104744765.72,1518.39,0.09489540593745278,-3.951397806970623e-05,-0.0062632529647372,0.09900044151388612,0.142299359032229,0.22398490967570323,0.3552818315704916,0.7548772594886969,0.31760081222502795,-,MASI
MA0000039042,3904,FCP EMERGENCE BALANCED FUND,VALORIS MANAGEMENT,FCP,Diversifié,-,70% MBI Global + 30% MASI-Rentabilité ,Quotidienne,FNPP,Mixte,0.0,0.0,0.02,CIH,VALORIS MANAGEMENT,7105691.71,1287.72,0.0133782422563586,-0.0003415724754689,-0.00038037276531,0.013880906077522152,0.029360746288939175,0.0576147572624162,0.11803571893694058,0.24136734339753613,0.17534524146365965,-,MBI+MASI
MA0000039059,3905,WG VALEURS,WAFA GESTION,FCP,Actions,-,MASI RB,Quotidienne,FGP,Mixte,0.0,0.0,0.02,ATTIJARIWAFA BANK,WAFA GESTION,205933009.95,1238.05,0.07357787027402003,0.0022667476219388,-0.0015323198516069,0.07154294220998957,0.11154505705640999,0.1613650647730364,0.25125069483046125,0.5500425681089742,0.19210622604810598,-,MASI
MA0000039075,3907,FCP OBLIG OPPORTUNITES,IRG ASSET MANAGEMENT,FCP,OMLT,"]1,1   5,1]",100% MBI MT,Quotidienne,FGP,Capitalisant,0.03,0.015,0.02,ATTIJARIWAFA BANK,IRG Asset Management,618117980.27,102.14,0.004919323101141283,0.0,0.0003917727717924,0.005117102932493564,0.013595316066289616,0.02901470884545633,0.04931169098006983,0.09615797381412312,-0.0005870841487280066,-,MBI
MA0000039091,3909,CAPITAL TRUST EQUITY,CAPITAL TRUST GESTION,FCP,Actions,-,MASI,Quotidienne,FGP,Capitalisant,0.03,0.015,0.02,BCP,Capital Trust Gestion; Capital Trust Securities,1021868130.35,1343.47,0.09044349209441258,-0.0005356385630007,-0.0034714238029893,0.09063824260038,0.1350997406152573,0.20638811813618518,0.34887900480928524,0.7407872913859231,0.3045551207480848,-,MASI
MA0000039117,3911,CAM OBLIBANQUES,MAROGEST,FCP,OCT,"]0,5 1,1]",15% MBI MT + 85% MBI CT,Quotidienne,FGP,Capitalisant,0.03,0.015,0.02,CIH,CAM; MSIN;CIH; MAROGEST,1130633976.55,1094.0,0.0030899571807119653,0.000164560896674,0.0004663965834163,0.0030347761508769176,0.009923840295407339,0.018754772502933437,0.04082428716855843,0.08216115694304305,0.09277609077832827,-,MBI
MA0000039125,3912,CAM OBLIRENDEMENT,MAROGEST,FCP,OMLT,"]1,1   5,1]",100% MBI MT,Quotidienne,FGP,Capitalisant,0.03,0.015,0.02,CIH,CAM; MSIN;CIH; MAROGEST,289824107.38,1104.34,0.005856582051351965,0.0001539617993604,0.0003351540349827,0.006113171105016999,0.015205000919286601,0.034539612354445456,0.06529686972459348,0.1223309653749605,0.10122353738918848,-,MBI
MA0000039141,3914,AD SELECT BANQUES,AD CAPITAL ASSET MANAGEMENT,FCP,OCT,"]0,5 1,1]",100% MBI CT,Quotidienne,FGP,Capitalisant,0.03,0.03,0.02,CFG BANK,AD CAPITAL ASSET MANAGEMENT,1300334250.48,1096.95,0.0031458331428153878,0.0002097162448027,0.0006020304846346,0.0032559288085677986,0.010603994693396217,0.020152890409939804,0.04346213115689749,0.09009331306084735,-,-,MBI
MA0000039174,3917,CAPITAL TRUST HORIZON,CAPITAL TRUST GESTION,FCP,OMLT,]3   7],100% MBI Global,Quotidienne,FGP,Capitalisant,0.03,0.015,0.02,BCP,Capital Trust Gestion; Capital Trust Securities,1043641.34,1043.64,0.0025938094414664106,0.0001149954001841,0.0002875380987982,0.002719036135317834,0.009752699407871972,0.021474013898404674,0.04114126097366333,0.0885310192331763,-,-,MBI
MA0000039257,3925,FCP ALPHA OBLIGATAIRE,RED MED ASSET MANAGEMENT,FCP,OMLT,]3   7],100% MBI Global,Quotidienne,FGP,Distribuant,0.02,0.02,0.02,BCP,RED MED ASSET MANAGEMENT;RED MED SECURITIES,115730928.43,1080.82,0.00729736530629356,-0.0001110144873907,0.0001943346813374,0.007400641264633348,0.018603686809665634,0.04460359341625819,0.07844741568549181,0.12760430251118918,-,-,MBI
MA0000039265,3926,FCP ALPHA BONDS,RED MED ASSET MANAGEMENT,FCP,OMLT,]3   7],100% MBI Global,Quotidienne,FGP,Capitalisant,0.02,0.02,0.02,BCP,RED MED ASSET MANAGEMENT;RED MED SECURITIES,2077668782.42,1155.72,0.006759817415240941,2.5958518287752523e-05,0.0003635419371592,0.006970341198201652,0.01906357464068435,0.04589098741187866,0.08192209397028673,0.1568073989550178,-,-,MBI
MA0000039273,3927,FCP ALPHA INVEST,RED MED ASSET MANAGEMENT,FCP,Diversifié,-,45% MBI MLT + 30% MBI MT + 25% MASI Rentabilité,Quotidienne,FGP,Capitalisant,0.02,0.02,0.02,CDG CAPITAL,RED MED ASSET MANAGEMENT;RED MED SECURITIES,225852357.54,1287.25,0.04445580383947549,-0.0006288526931974,0.0030701856916879,0.04562660428241875,0.07868605187078401,0.29111042015626726,0.3082340745558762,0.3544439651090605,-,-,MBI+MASI
MA0000039281,3928,BMCI PREMIUM SHORT BOND DIST,CIH CAPITAL MANAGEMENT,FCP,OCT,"]0,5 1,1]",MBI CT,Quotidienne,FGP,Distribuant,0.0,0.0,0.02,BMCI,BMCI ASSET MANAGEMENT et INTEGRA BOURSE,6917363.2,129.69,0.0022411128284395027,0.0001542376802655,0.0003856834310399,0.0021636658681715754,0.007300970873786568,0.014312529328954339,0.03949375275192023,0.10407359719198822,0.09409587896027358,0.11302214734673491,MBI
MA0000039323,3932,CFG DIVERSIFIÉ,CFG GESTION,FCP,Diversifié,-,80% MBI Global + 20% MASI RN,Quotidienne,FGP,Capitalisant,0.03,0.015,0.02,CFG BANK,CFG Bank; CFG Gestion,1889278.77,1174.92,0.03580150047165248,5.9582074307497736e-05,-0.0019283208318113,0.037961040682008944,0.054458644457208556,0.06541649286349055,0.09081793705319856,0.17727454909819645,-,-,MBI+MASI
MA0000039331,3933,UPLINE CROISSANCE,UPLINE CAPITAL MANAGEMENT,FCP,Diversifié,-,70% MBI + 30% MASI RB,Quotidienne,FNPP,Mixte,0.0,0.0,0.02,BCP,UPLINE CAPITAL MANAGEMENT,1050639.16,1050.64,0.0018308032649325585,0.0001713535022752,0.0004094419211396,0.0019454510776274949,0.006119224323677376,0.01228453882396015,0.025625006101191925,-,-,-,MBI+MASI
MA0000039356,3935,FCP EMERGENCE PATRIMOINE,VALORIS MANAGEMENT,FCP,Diversifié,-,80% MBI Global + 20% MASI RB,Quotidienne,FNPP,Capitalisant,0.0,0.0,0.02,BMCE BANK,VALORIS MANAGEMENT,804911.18,165.17,0.044652457150085215,-0.0012698028782199,-0.0019939577039275,0.0493646759847521,0.08707384493879156,0.13933917362212864,0.2286691958640183,0.30435125957514014,0.25767151450544407,-,MBI+MASI
MA0000039364,3936,PROFIL FLEXIBLE,WAFA GESTION,FCP,Diversifié,-,75% MASI + 25% MBI MT,Quotidienne,FGP,Distribuant,0.02,0.02,0.02,ATTIJARIWAFA BANK,ATTIJARIWAFA BANK; WAFA GESTION,3835313.73,1429.49,0.022042526418143027,0.0005599535238574,-0.0012227159665744,0.021108047487749443,0.029372794700079183,0.04850516371317929,0.06845004521978304,-,0.05588589409305458,-,MBI+MASI
MA0000039372,3937,AFG T-BOND FUND,AFG ASSET MANAGEMENT,FCP,OMLT,"]1,1   10]",MBI MLT,Quotidienne,FNPP,Mixte,0.0,0.0,0.02,ATTIJARIWAFA BANK,AFG ASSET MANAGEMENT,902253031.04,1197.93,0.0031066302691296586,-0.0001669267942545,-0.0005006132512326,0.004225033322435332,0.0329743293466361,0.07253941678380521,0.12278642569996251,-,-,-,MBI
MA0000039414,3941,FCP EMERGENCE ACTIONS,VALORIS MANAGEMENT,FCP,Actions,-,MASI20,Quotidienne,FGP,Capitalisant,0.03,0.015,0.02,ATTIJARIWAFA BANK,VALORIS GROUP;VALORIS MANAGEMENT,198680585.47,1633.77,0.09948584734242293,-0.0008684006139959,-0.0031666422609459,0.10510081913432848,0.15794658804184497,0.26119915702364493,0.46858370487559325,-,-,-,MASI
MA0000039430,3943,FCP SANLAM OBLIGATIONS,VALORIS MANAGEMENT,FCP,OMLT,"]1,1   10]",MBI Global,Quotidienne,FNPP,Mixte,0.03,0.015,0.02,BCP,VALORIS MANAGEMENT,978314776.54,1259.34,0.002778994306644996,-0.0002302263363052,-0.0001508499202083,0.0033702225302962236,0.0257884790824964,0.06319175341286051,0.11916410518404148,-,-,-,MBI
MA0000039448,3944,AFG GOV BOND FUND,AFG ASSET MANAGEMENT,FCP,OMLT,]4   8],MBI Global ,Quotidienne,FGP,Mixte,0.03,0.03,0.02,ATTIJARIWAFA BANK,AFG ASSET MANAGEMENT,2837505575.76,1178.48,0.01046060980210588,-2.5455872245439334e-05,-0.0001272664025182,0.010746601483768577,0.023368097466936515,0.05162274791858142,0.08724894133276742,-,-,-,MBI
MA0000039455,3945,AFG FLEXIBLE FUND,AFG ASSET MANAGEMENT,FCP,Diversifié,-,75% MBI GLOBAL + 25% MASI RB,Quotidienne,FNPP,Mixte,0.03,0.03,0.02,BCP,AFG ASSET MANAGEMENT,768825772.01,1256.03,0.0262856862713057,5.573425905289189e-05,-0.0011451565444899,0.026965373451617022,0.0502625593685201,0.09874424641658992,0.17376322527130453,-,-,-,MBI+MASI
MA0000039463,3946,ATLAS LIQUIDITE,ATLAS CAPITAL MANAGEMENT,FCP,OCT,"0,5 ; 1,1]",MBI CT,Quotidienne,FGP,Capitalisant,0.03,0.03,0.02,BANK OF AFRICA,Atlas Capital Management;Atlas Capital Bourse;Atlas Portfolio Management,84520987.5,141.85,0.0026152106304778385,0.000141013889868,0.0004231610127653,0.0025443494239874563,0.008746977670317093,0.01626307493910289,0.03980354786688174,-,-,-,MBI
MA0000039471,3947,AZ TAWFIR,WAFA GESTION,FCP,OMLT,"]1,1;13]",100% MBI LT,Quotidienne,FNPP,Mixte,0.0,0.0,0.02,BANQUE CENTRALE POPULAIRE,WAFA GESTION,348413360.38,827585.17,-0.026858081170098424,-6.373560070806483e-05,0.0002346774378739,-0.026592599966944627,-0.006963463520085196,0.03193516248656415,0.09434013036606624,-,0.0458710429400904,-,MBI
MA0000039497,3949,CAPITAL IMTIYAZ GARANTI,BMCE CAPITAL GESTION,FCP,Contractuel,-,MONIA,Quotidienne,FGP,Capitalisant,0.01,0.01,0.02,BMCE BANK,BMCE CAPITAL GESTION,189029800.91,1026.63,0.0019519241091906345,0.0001851058025798,0.0004385195579723,0.00207906295754037,0.006322413691701621,0.01297509570983156,-,-,-,-,MONIA
MA0000039513,3951,FCP MAROGEST BONDS,MAROGEST,FCP,OMLT,"]1,1   8,1]",100% MBI Global,Quotidienne,FNPP,Capitalisant,0.0,0.0,0.01,CIH ,MAROGEST,521793362.36,1048.56,0.007484842952813747,6.67626777555688e-05,0.0003434459072695,0.007649433019411914,0.017821782178217723,0.035860352083456774,-,-,-,-,MBI
MA0000039570,3957,AFG ACTIVE BOND FUND,AFG ASSET MANAGEMENT,FCP,OMLT,]4   8],95% MBI GLOBAL + 5% MASI,Quotidienne,FGP,Mixte,0.03,0.03,0.02,BCP,AFG ASSET MANAGEMENT,1095386892.23,1047.47,0.016014200356948855,9.54690393904388e-06,1.90939901665777e-05,0.016398691985988426,0.03615518537569745,-,-,-,-,-,MBI+MASI
MA0000039604,3960,FCP EMERGENCE OPTIMUM,VALORIS MANAGEMENT,FCP,Diversifié,-,60% MBI + 40% MASI,Quotidienne,FGP,Mixte,0.03,0.015,0.02,CDM,VALORIS MANAGEMENT; VALORIS GROUP,332303634.21,1094.46,0.04842371468804777,-0.0005387881831879,-0.0016783727082002,0.050627807856237765,-,-,-,-,-,-,MBI+MASI
MA0000039620,3962,FCP FH2 OBLIGATAIRE DP,VALORIS MANAGEMENT,FCP,OMLT,"[1,1 5]",90% MBI MT + 10% MBI MLT + 50 pbs,Quotidienne,FNPP,Mixte,0.0,0.0,0.02,CDM,VALORIS MANAGEMENT,545198467.6,1011.83,-,-2.964837032788401e-05,0.0003163587112337,-,-,-,-,-,-,-,MBI
MA0000040016,4001,UPLINE RENDEMENT,UPLINE CAPITAL MANAGEMENT,FCP,OMLT,"]1,1   5,1]",80%MBI MT + 20% MBI MLT ,Quotidienne,FGP,Capitalisant,0.03,0.03,0.02,BCP,Upline Capital Management,6242823849.86,2717.99,0.007954638165945922,0.0001435089785104,0.0003165104356433,0.008021925855597788,0.01802334945147138,0.03911013919845231,0.07289643629703299,0.1454392973938841,0.07423216621808008,0.14995599857841554,MBI
MA0000040024,4002,UPLINE OBLIG,UPLINE CAPITAL MANAGEMENT,FCP,OCT,]0.5 1.1],100% MBI CT,Quotidienne,FGP,Capitalisant,0.03,0.015,0.02,BCP,Upline Capital Management,5863565315.77,2063.2,0.002828840564212595,0.0001842138431853,0.0005091773149381,0.002629034060812743,0.009595858269026517,0.018592572844772188,0.040013710921353696,0.0839607227105321,0.09647281404284479,0.15401180188494556,MBI
MA0000040040,4004,UPLINE ACTIONS,UPLINE CAPITAL MANAGEMENT,FCP,Actions,-,MASI,Quotidienne,FGP,Capitalisant,0.03,0.015,0.02,BCP,Upline Capital Management,2509530.62,4579.65,0.0923512869501748,-0.0008094498359282,-0.0067214096090782,0.0947981162295903,0.12350688507216252,0.17032314120337824,0.26940283614027694,0.5933817415114623,0.19698430994330876,0.34929731003800707,MASI
MA0000040065,4006,FCP KENZ RENDEMENT,UPLINE CAPITAL MANAGEMENT,FCP,Diversifié,-,50% MASI + 50% MBI,Quotidienne,FGP,Mixte,0.01,0.001,0.02,BCP,Crédit Populaire du Maroc,668036784.05,528.19,0.055324675324675436,-1.893222264292106e-05,-0.0027188792175668,0.05608429639700897,0.07664241015919623,0.12254266465475121,0.20503285271034874,0.3803115036847332,0.11831212551078751,0.24174816625916878,MBI+MASI
MA0000040107,4010,AL AMAL,UPLINE CAPITAL MANAGEMENT,FCP,OCT,]0.5 1.1],90% MBI CT + 10%MBI MT,Quotidienne,FGP,Capitalisant,0.0,0.0,0.0025,BCP,BANQUE POPULAIRE,5085475392.45,3129.61,0.0027619441267034968,0.0001661825003435,0.0004603330381661,0.0026077457095536167,0.009421364985163216,0.018183178689015374,0.038998851315012004,0.07967474626206601,0.09075668912348699,0.14425224948538792,MBI
MA0000040123,4012,FCP ALISTITMAR CHAABI TRESORERIE,UPLINE CAPITAL MANAGEMENT,FCP,Monétaire,"]0  0,5]",MBI CT,Quotidienne,FGP,Capitalisant,0.0,0.0,0.0025,BCP,BANQUE POPULAIRE,400062511.54,579118.39,0.0020951446579894313,0.0001875270472532,0.0004585274910138,0.0022098449323773167,0.007037247039920172,0.013641437172242091,0.028916211285169947,0.05802899203348288,0.07300703702397807,0.10554375648479326,MBI
MA0000040149,4014,FCP KENZ PLUS,UPLINE CAPITAL MANAGEMENT,FCP,Monétaire,"]0  0,5]",MBI CT,Quotidienne,FGP,Capitalisant,0.0,0.0,0.003,BCP,BANQUE POPULAIRE,4582804175.4,205.1,0.0022478498827209147,0.000146291510216,0.0004390029754646,0.0022478498827209147,0.00766434116144248,0.014844136566056407,0.03267710588590696,0.0658421244088759,0.07873560195655603,0.12131649445082279,MBI
MA0000040180,4018,OBLIDYNAMIC,WAFA GESTION,FCP,OCT,"]0,5  1,1]",MBI CT,Quotidienne,FGP,Capitalisant,0.03,0.015,0.02,ATTIJARIWAFA BANK ,ATTIJARIWAFA BANK ,997480363.07,202.26,0.0024285077067947697,9.88924050632012e-05,0.0003462090113259,0.002130505871277701,0.008275174476570273,0.015667369689665585,0.034736788253951975,0.07505049431274585,0.0743081744303393,0.12341701844034658,MBI
MA0000040248,4024,CAP OBLIGATIONS,WAFA GESTION,FCP,OCT,"[0,5  1,1[",100% MBI CT,Quotidienne,FGP,Capitalisant,0.01,0.0,0.01,ATTIJARIWAFA BANK,ATTIJARIWAFA BANK;WAFA GESTION,61040062.95,301.97,0.0025231566017066094,0.0001324810386514,0.0003975484512175,0.0022902283590017745,0.008617522295333982,0.016357578001413662,0.034888104458686064,0.07742533985085827,0.05746603165709492,-,MBI
MA0000040271,4027,CAP MONETAIRE PREMIERE,WAFA GESTION,FCP,Monétaire,"[0,1  0,5[",-,Quotidienne,FGP,Capitalisant,0.0,0.0,0.0065,ATTIJARIWAFA BANK,ATTIJARIWAFA BANK ,21095926215.39,205647.63,0.002385915567376418,0.0001716823110754,0.0004513637114375,0.0024300373518560165,0.007780656180824548,0.014999962242454649,0.032623132501008976,0.06821147807889474,0.08153790624996227,0.1258870055210434,
MA0000040313,4031,FCP CAP INSTITUTIONS,WAFA GESTION,FCP,OCT,"]0,5  1,1]",MBI CT,Quotidienne,FGP,Capitalisant,0.001,0.0,0.007,ATTIJARIWAFA BANK ,ATTIJARIWAFA BANK ,2224600277.15,660757.38,0.0025418381109121734,0.0001331528275237,0.0003888566086561,0.002288970357424314,0.008419856927309236,0.015964854082091973,0.03560932879629444,0.0808986380485747,0.0861351169541176,0.1386507121670144,MBI
MA0000040339,4033,ATTIJARI MONETAIRE JOUR,WAFA GESTION,FCP,Monétaire,"[0  0,5[",TMP,Quotidienne,FGP,Capitalisant,0.0,0.0,0.02,ATTIJARIWAFA BANK,ATTIJARIWAFA BANK ,401405292.42,233.46,0.0017162962327297935,0.0001713649216006,0.0003856536829926,0.0017592791246513477,0.005642903295283231,0.011306042884990312,0.02399228036317382,0.04906983014289573,0.061905844894246144,0.08369307895836235,TMP
MA0000040347,4034,PATRIMOINE ACTIONS,WAFA GESTION,FCP,Actions ,-,-,Quotidienne,FGP,Capitalisant,0.03,0.015,0.02,ATTIJARIWAFA BANK,ATTIJARIWAFA BANK ,1928155699.8,1677.78,0.07652822246889657,0.0021981960456364,-0.002176705680845,0.0757620446006079,0.10467474321833027,0.15590186635801828,0.24968716481944944,0.5371605526441162,0.18796023564064804,0.3505542184192097,
MA0000040388,4038,WG OBLIGATIONS,WAFA GESTION,FCP,OMLT,"]1,1   5]",100% MBI MT,Quotidienne,FGP,Mixte,0.03,0.03,0.02,ATTIJARIWAFA BANK,ATTIJARIWAFA BANK ,851774736.32,171.4,0.0034541303202392164,0.0001166997315906,0.0004085682600828,0.0035128805620611788,0.011806375442739797,0.026777691247828687,0.053278436674247184,0.11428942920296528,-0.005396622758659489,-,MBI
MA0000040396,4039,OBLITOP,WAFA GESTION,FCP,OCT,"]0,5  1,1]",MBI CT,Quotidienne,FGP,Capitalisant,0.01,0.0,0.01,ATTIJARIWAFA BANK ,ATTIJARIWAFA BANK ,8292140017.28,2290.0,0.0028992108190489057,0.0002489702677086,0.0005854954427482,0.0026445296765267184,0.009713532365948492,0.018497516022433696,0.039784233420208995,0.08606469910316655,0.08698231873739172,0.14528059374546765,MBI
MA0000040412,4041,FCP AL IDDIKHAR CHAABI MOUTAWASSIT AL MADA,UPLINE CAPITAL MANAGEMENT,FCP,OMLT,]3  7],30% MBI MT + 70% MBI MLT,Quotidienne,FGP,Mixte,0.03,0.03,0.02,BCP,BANQUE POPULAIRE,758210138.33,218.51,0.007608595407175031,9.153737013127288e-05,0.0003662500572264,0.008026940997370396,0.021122482358988653,0.040325652256713,0.08076961123751104,0.15448829714164938,0.10811907297530297,-,MBI
MA0000040420,4042,FCP AL IDDIKHAR CHAABI TAWIL AL MADA,UPLINE CAPITAL MANAGEMENT,FCP,OMLT,]4  8],80%MBI MLT + 20% MBI LT ,Quotidienne,FGP,Mixte,0.03,0.03,0.02,BCP,BANQUE POPULAIRE,4192284.93,221.47,0.0033979702790866255,9.031384059611756e-05,0.0003613532679886,0.003488898957861397,0.012943651664837233,0.034229943027925716,0.06691396088255123,0.13029498826171276,0.07541031368359717,-,MBI
MA0000040438,4043,FCP AL IDDIKHAR CHAABI KASSIR AL MADA,UPLINE CAPITAL MANAGEMENT,FCP,OMLT,"]1,1   5,1]",MBI ,Quotidienne,FGP,Mixte,0.004,0.002,0.008,BCP,Crédit Populaire du Maroc,222446412.78,200.81,0.00646551724137927,0.0,0.0003487097738367,0.0066673350711851445,0.01768700587877564,0.0344099314892083,0.06654981941788826,0.11536325261053106,0.11672783895006122,0.1942313410645257,MBI
MA0000040446,4044,CDG CASH,CDG CAPITAL GESTION,FCP,Monétaire,"[0  0,5[",TMP (80%)+MBI (CT) (20%),Quotidienne,FGP,Capitalisant,0.0,0.0,0.006,CDG Capital,CDG CAPITAL GESTION,182399515.73,2220.74,0.009615428329824937,0.0001756479834259,0.0004144480183076,0.009661330581180183,0.018118300767460405,0.027060025991684403,0.0462554650987486,0.08245879984597143,0.09298067742221253,0.11962368979616518,MBI+TMP
MA0000040503,4050,FCP CKG BONDS,CDG CAPITAL GESTION,FCP,OMLT,]4   8],MBI MLT,Quotidienne,FGP,Capitalisant,0.03,0.015,0.01,CDG,CDG CAPITAL GESTION; CDG,1405619185.33,2542.22,0.007342423197777756,0.0001652372334564,0.0005746312127078,0.007821636557528482,0.01899528224367988,0.04862354290239803,0.08521301118415432,0.16819762980254468,0.08532420294062384,-,MBI
MA0000040552,4055,UPLINE BONDS,UPLINE CAPITAL MANAGEMENT,FCP,OMLT,"]2,5  6,5]",50% MBI MT + 50% MBI MLT,Quotidienne,FGP,Mixte,0.03,0.03,0.02,BCP,EGAC,1727981.16,0.65,0.015625000000000014,0.0,0.0,0.015625000000000014,0.03174603174603177,0.04838709677419359,-,-,0.04838709677419359,-,MBI
MA0000040594,4059,CDG DYNAMIC COURT TERME,CDG CAPITAL GESTION,FCP,OCT,"]0,5  1,1]",MBI CT 80%+MBI MT 20%,Quotidienne,FNPP,Capitalisant,0.03,0.015,0.0055,CDG Capital,CDG CAPITAL GESTION,1143078663.15,1147.94,0.0022613175012006336,0.000113259163102,0.000339854472572,0.0025501737960909616,0.008911935313763492,0.01870684912056525,0.04096992999383371,0.07369405602581486,0.09059643922552217,0.13016254319553427,MBI
MA0000040610,4061,FH2 ACTIONS II,CDG CAPITAL GESTION,FCP,Actions ,-,MASI,Quotidienne,FNPP,Mixte,0.03,0.015,0.02,CDG Capital,CDG CAPITAL GESTION,901901281.02,7937.94,0.09499248894032662,-0.0012129478407264,-0.0027939066704522,0.09957321608896387,0.12604317240733617,0.19124612069224245,0.3076749469133991,0.6664511334388605,0.23292292542608217,-,MASI
MA0000040636,4063,CDG MONEY PREMIUM,CDG CAPITAL GESTION,FCP,Monétaire,"Inferieure ou égale à 0,5",60% TMP + 40% MBI CT,Quotidienne,FGP,Capitalisant,0.03,0.015,0.02,CDG Capital,CDG CAPITAL GESTION + CDG CAPITAL+ CDG CAPITAL BOURSE,5105217653.11,1611.78,0.0022572521220034707,0.0001923709408179,0.000471750816253,0.0023008805532063366,0.007362499999999983,0.014393515051198551,0.03186279217162501,0.06595681359743397,0.08131788510435609,0.1212694614111001,MBI+TMP
MA0000040677,4067,FCP INSTITUTIONS,CDG CAPITAL GESTION,FCP,OCT,"]0,5  1,1]",MBI CT (90%)+MBI MT (10%),Quotidienne,FGP,Capitalisant,0.03,0.015,0.02,CDG Capital,CDG CAPITAL GESTION,1240138.88,1708.18,0.0020531712696811133,0.0001346643637108,0.0003279418137525,0.001941497005636895,0.006653348184030764,0.012993174284070808,0.029160491149429497,0.0705766591249523,0.08045642576123672,0.13421201155340134,MBI
MA0000040768,4076,FCP OBLIG CT,CDG CAPITAL GESTION,FCP,OCT,"[0,5  1,1[",MBI (CT) (75%)+MBI (MT) (25%),Quotidienne,FGP,Capitalisant,0.03,0.015,0.0055,CDG Capital,CDG CAPITAL GESTION,3198014204.39,1604.44,0.002969325306778188,0.0001994863227191,0.0004739100069839,0.0029755951190237988,0.009818483925379609,0.018892607433844123,0.04012861903094901,0.08393460343196865,0.09002466149884844,0.14452433943959378,MBI
MA0000040776,4077,FCP LIQUIDITES,CDG CAPITAL GESTION,FCP,Monétaire,"[0  0,5[",TMP (70%)+MBI (CT) (30%),Quotidienne,FNPP,Capitalisant,0.03,0.015,0.004,CDG Capital,CDG CAPITAL GESTION,3759538681.46,3312.16,0.0021360927052131388,0.0001932647243561,0.0004530818628309,0.0021967381766467256,0.006824309741588109,0.01384790567262124,0.029481150402043917,0.061127200963682404,0.07435110641141242,0.11073253833049397,MBI+TMP
MA0000040792,4079,FCP ALLOCATION,CDG CAPITAL GESTION,FCP,Diversifié,-,MBI (Global) (70%)+Masi RB (30%),Quotidienne,FGP,Capitalisant,0.0,0.0,0.02,CDG Capital,CDG CAPITAL GESTION,1359683.15,1837.4,0.008878615001949272,-0.0002230916144758,-0.0003645127769888,0.009466148766324034,0.020874193673847068,0.02959800065001298,0.0496489554353353,0.16274213247438668,0.04819387079843918,-,MBI+Masi
MA0000041022,4102,ALPHA MONETAIRE,RED MED ASSET MANAGEMENT,FCP,Monétaire,-,MBI Monetaire,Quotidienne,FGP,Capitalisant,0.0,0.0,0.008,Credit du Maroc,RED MED ASSET MANAGEMENT,1580737508.77,148.34,0.0024327611839438687,0.0002022790101813,0.0005395926075813,0.0025005068594985778,0.007881505639353149,0.015262473478885699,0.033152249616938224,0.06842408527801785,0.08499122293739032,0.13055407362243726,MBI
MA0000041097,4109,RMA TRESO PLUS,RMA ASSET MANAGEMENT,FCP,Monétaire,"Inférieur à 0,5",100% TMP,Quotidienne,FGP,Capitalisant,0.0,0.0,0.01,BMCE BANK,RMA ASSET MANAGEMENT,223928333.68,94.22,0.0020206317132829706,0.000212314225053,0.0004247186239115,0.0021272069772389156,0.0069466709415411535,0.013554216867469935,0.07643093796412656,0.1566412963417629,0.2074843009099064,0.2882143833743505,TMP
MA0000041113,4111,CMR ASHOUM,CDG CAPITAL GESTION,FCP,Actions,-,MASI,Quotidienne,FNPP,Capitalisant,0.03,0.015,0.02,CDG Capital,CDG CAPITAL GESTION,1128599442.59,2563.54,0.09073812481917037,-0.0012972998242996,-0.0022302054669225,0.09664061463961356,0.12230700867273446,0.1937378055311085,0.30904393028754096,0.6785552929159328,0.25584927104561844,0.4915488942288111,MASI
MA0000041121,4112,IRGAM MONETAIRE PLUS,IRG ASSET MANAGEMENT,FCP,OCT,"]0,5 1,1]",100% MBI Court Terme,Quotidienne,FGP,Capitalisant,0.03,0.015,0.02,ATTIJARIWAFA BANK,IRG Asset Management,301738677.04,145.47,0.0014456836018174857,6.874742197161353e-05,0.0002062706270627,0.0012389015073302142,0.0060165975103734755,0.011261730969760199,0.027548209366391227,0.06353268021640589,0.07144435442292103,0.12323372712531858,MBI
MA0000041154,4115,CDG OBLIG SECURITE,CDG CAPITAL GESTION,FCP,OCT,"]0,5 1,1]",80% MBI CT et 20% MBI MT,Quotidienne,FNPP,Capitalisant,0.03,0.015,0.02,CDG CAPITAL GESTION,CDG CAPITAL,62284275.91,1635.1,0.0027105256702724292,0.0001651547867362,0.0004466552861347,0.002630594612493156,0.009289836733434125,0.016233887307486664,0.03369578960677706,0.076545258223381,0.08734106506357392,0.12900998439506714,MBI
MA0000041162,4116,AL BARID TRESORERIE,CDG CAPITAL GESTION,FCP,Monétaire,[1.1  5.1[,MBI MT,Quotidienne,FGP,Capitalisant,0.03,0.015,0.02,CDG Capital,AL BARID BANK,635750.49,730.34,0.0017007269236044562,0.000150637470386,0.0004383441549547,0.0019343421178989505,0.005839416058394173,0.011019131205182919,0.023774145616641953,0.18243046336172014,0.19520178051255213,0.2330575721762622,MBI
MA0000041196,4119,CDG SERENITE,CDG CAPITAL GESTION,FCP,Monétaire,-,60% TMP + 40% MBI (CT),Quotidienne,FGP,Capitalisant ,0.03,0.015,0.02,CDG Capital,CDG CAPITAL GESTION + CDG CAPITAL+ CDG CAPITAL BOURSE,532178.47,1310.7,0.0017884985783730362,0.0001755095500087,0.0003968920301027,0.0018267841719470921,0.006187434747896537,0.010921375352862297,0.02524189826584168,0.050770821809086444,0.06184581483521837,0.09061407888167756,MBI+TMP
MA0000041238,4123,RMA RENDEMENT CT,RMA ASSET MANAGEMENT,FCP,OCT,"]0,5 1,1]",MBI CT,Quotidienne,FGP,Capitalisant,0.03,0.02,0.02,BMCE BANK,RMA ASSET MANAGEMENT + RMA,1193548.3,119.35,0.0017626321974147537,8.379420144118405e-05,0.0002514247401944,0.0017626321974147537,0.00606929107308437,0.011783655476432694,0.026578358850851445,0.057223846221985945,0.06022919072577065,0.09304881399395547,MBI
MA0000041261,4126,ALPHA SECURE FUND,RED MED ASSET MANAGEMENT,FCP,OMLT,[2   6[,MBI,Quotidienne,FGP,Capitalisant,0.02,0.02,0.02,BCP,RED MED ASSET MANAGEMENT,1905976795.62,1399.29,0.009421236014225594,-2.1438984649667493e-05,0.0012951884821249,0.00973444941550008,0.021551063317199224,0.04506516300085882,0.07519420944653181,0.27484010859860436,0.11844776596595001,0.1887807115913957,MBI
MA0000041279,4127,CIMR CASH DYNAMIQUE,WAFA GESTION,FCP,Monétaire,"Inférieur à 0,5",TMP,Quotidienne,FNPP,Capitalisant,0.03,0.015,0.02,ATTIJARIWAFA BANK,WAFA GESTION,328328183.17,175.75,0.002109704641350237,0.0001707261552469,0.0003984517304189,0.0021668472372697463,0.0071633237822349575,0.01372786525927205,0.0300064466975327,0.06308976530365357,0.07210394680656373,0.10743541272841847,TMP
MA0000041295,4129,CDG OPTIMUM,CDG CAPITAL GESTION,FCP,Monétaire,"]0  0,5[",50% TMP + 50% MBI Court terme,Quotidienne,FGP,Capitalisant,0.03,0.015,0.02,CDG Capital,CDG CAPITAL GESTION,32978824.43,2961.19,0.002149016528813712,0.0001823923800516,0.0004256857425683,0.002162582915933353,0.007145821004156283,0.014450104658771239,0.030011374269107625,0.060343685433653094,0.07710186889372268,0.10262587597464985,MBI+TMP
MA0000041303,4130,CDM MONETAIRE PLUS,WAFA GESTION,FCP,Monétaire,"]0  0,5]",TMP sur le marché interbancaire,Quotidienne,FGP,Capitalisant,0.0,0.0,0.0065,CREDIT DU MAROC,CREDIT DU MAROC,2016615148.12,1234.93,0.0024026559088289783,0.0001943807757412,0.0004779882366285,0.0024677528026040988,0.00798269599640858,0.01596847439778867,0.0342970569021257,0.06989820229586317,0.08637859141052488,0.1284495047333603,TMP
MA0000041311,4131,CAM MONETAIRE,MAROGEST,FCP,Monétaire,"]0  0,5]",30% MBI court terme + 70% TMP Interbancaire,Quotidienne,FGP,Capitalisant,0.0,0.0,0.01,CDG Capital,MAROGEST + Réseau CAM,951198222.28,137.04,0.0022672420098003533,0.000145964092833,0.0004380201489268,0.0023405500292568255,0.007647058823529353,0.01481042654028436,0.03293887088264118,0.06579561362575811,0.08109813821394751,0.12447690161647647,MBI+TMP
MA0000041329,4132,CAM OBLIGATIONS,MAROGEST,FCP,OMLT,[2.5  6.5[,100% MBI Global,Quotidienne,FGP,Capitalisant,0.01,0.005,0.015,CDG Capital,MAROGEST + Réseau CAM,1582995434.64,134.71,0.007102272727272855,0.0,0.0001484891231718,0.007252878719904283,0.018062273276904586,0.040955103933235544,0.07287352660082834,0.15245102232868515,-0.018577881392976708,0.04127695756357736,MBI
MA0000041337,4133,CAM ACTIONS,MAROGEST,FCP,Actions,-,100% CFG 25 flottant,Quotidienne,FGP,Capitalisant,0.02,0.015,0.02,CDG Capital,MAROGEST + Réseau CAM,817179.45,144.23,0.08951503248224803,-0.0002772579191794,-0.0037300545693169,0.09240324168749518,0.11512293180763868,0.16239522888459051,0.23866368945379587,0.47068420515957987,0.14286846275752763,0.1930680784183968,CFG
MA0000041386,4138,WG MONETAIRE,WAFA GESTION,FCP,Monétaire,"]0  0,5]",TMP sur le marché interbancaire,Quotidienne,FGP,Capitalisant,0.01,0.01,0.01,ATTIJARIWAFA BANK,WAFA GESTION,1982007464.72,1184.05,0.0023618847671130518,0.000185837493559,0.0004393635987258,0.0023109741644939713,0.008852648978409311,0.016351931330472063,0.03334671507365779,0.06761581880150759,0.08214445652869287,0.11548136075442539,TMP
MA0000041394,4139,FCP ALPHA BANQUES FUND,RED MED ASSET MANAGEMENT,FCP,OCT,"]0,5 1,1]",MBI CT,Quotidienne,FGP,Capitalisant,0.01,0.01,0.01,BCP,RED MED ASSET MANAGEMENT,2904005853.59,1264.01,0.003166616402914247,0.000189907973761,0.0004986623185422,0.003254200696875101,0.01012514584365566,0.01914099349335226,0.04148608341710191,0.08460541783578303,0.09386006663493578,0.15231600922574814,MBI
MA0000041402,4140,IRGAM SECURIPLUS,IRG ASSET MANAGEMENT,FCP,OCT,"]0,5 1,1]",100% MBI CT,Quotidienne,FGP,Capitalisant,0.03,0.015,0.02,BCP,IRG Asset Management,643590.68,123.39,0.0018674894446249106,8.10504133571496e-05,0.0003242805026348,0.0019488428745431984,0.006525817766538846,0.012638489946655776,0.02842140356726118,0.06288224653286241,0.07323649647734193,0.10882458662832493,MBI
MA0000041501,4150,LIBERIS SERENITE,WAFA GESTION,FCP,OMLT,"]1,1 10]",100% MBI Global,Quotidienne,FNPP,Mixte,0.03,0.015,0.02,CREDIT DU MAROC,CREDIT DU MAROC,1890476250.24,1121.52,0.008280065808992588,0.0001337649482332,0.000419249810446,0.00851580414549761,0.021271945800247317,0.05087000927635099,0.08828531498317448,0.15178840708203864,0.07334068578881009,0.1545004010757028,MBI
MA0000041519,4151,CDM OBLIGATIONS,WAFA GESTION,FCP,OMLT,"]1,1 5]",100% MBI Global,Quotidienne,FGP,Capitalisant,0.03,0.015,0.02,CREDIT DU MAROC,CREDIT DU MAROC,152273026.97,1197.74,0.005490261920752152,0.0002505344735435,0.0005179096498263,0.005667553883743776,0.016886700343846924,0.03818183394152671,0.07006995381082995,0.15253748003310172,0.10365353605160102,0.16995360195360196,MBI
MA0000041592,4159,FCP ALIF VI,CDG CAPITAL GESTION,FCP,OMLT,"]1,1 10]",50% MBI MLT + 50% MBI MT,Quotidienne,FNPP,Capitalisant,0.03,0.015,0.02,CDG Capital,CDG CAPITAL GESTION,1244387811.44,1164.19,0.00434801363067762,6.872202798717872e-05,0.0005070470952218,0.004599347634744624,0.017070720307517547,0.04289131155324248,0.07628944132683718,0.16388738927878757,0.11814479724927485,-,MBI
MA0000041600,4160,FCP MONETAIRE PREMIUM,CDG CAPITAL GESTION,FCP,Monétaire,"]0  0,5]",50% MONIA + 50% MBI CT,Quotidienne,FGP,Capitalisant,0.03,0.015,0.02,BCP,CDG CAPITAL GESTION,311938385.57,1099.28,0.002352512081699578,0.0002092716436922,0.0005096839959224,0.002389072273995487,0.008060596612531947,0.015923478582320613,0.03330356723222265,0.06618559900682806,0.08240530135192345,-,MBI+MONIA
MA0000041618,4161,FCP TRESORERIE PLUS,CDG CAPITAL GESTION,FCP,OCT,"]0,5 1,1]",MBI CT,Quotidienne,FGP,Capitalisant,0.03,0.015,0.02,BCP,CDG CAPITAL GESTION,1080414.47,1080.41,0.002086888773465905,0.000120339171326,0.0003055329234872,0.001975368178951765,0.00695279369961325,0.013717524090111672,0.02974647350362184,0.05742165325816751,0.06460067990343406,-,MBI
MA0000041667,4166,R-MIXT OPTIMUM,WAFA GESTION,FCP,Diversifié,-,45% MBI MLT + 30% MBI MT + 25% MASI Rentabilité ,Quotidienne,FNPP,Capitalisant,0.03,0.015,0.02,CDG,WAFA GESTION,5393847941.63,1127.74,0.028837820331529925,0.0006210959681999,-0.0011868069578771,0.029016187017537415,0.04639337873698666,0.07967295982843797,0.13060041906022235,0.28048960497780195,0.12463600462722886,-,MBI+MASI
MA0000041683,4168,SG CASH PLUS,SOGECAPITAL GESTION,FCP,Monétaire,"[0  0,5[",TMP,Quotidienne,FGP,Capitalisant,0.03,0.015,0.005,SOCIETE GENERALE,SGMB et Gestar,3715905318.51,16204.29,0.002408235882157916,0.0001857877896067,0.0004852921291914,0.002423118417926998,0.008110653779538582,0.015684408858936308,0.033984847837087155,0.06883803211733533,0.0852041451859829,0.12693118429279113,TMP
MA0000041691,4169,SG CASH GARANTI,SOGECAPITAL GESTION,FCP,Contractuel,-,TMP,Quotidienne,FGP,Capitalisant,0.03,0.015,0.005,SOCIETE GENERALE,SGMB ET GESTAR,3973681075.67,138626.62,0.001842284224302973,0.0001792184775693,0.0004184207913131,0.0019609655747943296,0.00595766703854313,0.012181595486215656,0.02549212320290391,0.052199251002281614,0.06605093668350481,0.09279380181693708,TMP
MA0000041717,4171,SG COURT TERME OBLIG,SOGECAPITAL GESTION,FCP,OCT,[0.5  1.1[,MBI Court terme,Quotidienne,FGP,Capitalisant,0.03,0.015,0.02,SOCIETE GENERALE,SOGECAPITAL GESTION + SGMB,5314268213.07,1472.99,0.002941436810175149,0.0001629604481412,0.0005434081198758,0.00270248192672668,0.009401961254599921,0.017947229478514484,0.03888986846281349,0.08174460959990595,0.09147561391288887,0.1443009850532923,MBI
MA0000041741,4174,FCP HORIZON PREMIUM,SOGECAPITAL GESTION,FCP,Monétaire,"]0 0,5]",40% MBI CT et 60 % TMP,Quotidienne,FGP,Capitalisant,0.0,0.0,0.02,SOCIETE GENERALE,SOGECAPITAL GESTION + SGMB,164510010.17,1117.1,0.0018744226509178556,0.0001611574687532,0.0003940322031771,0.0020002332110470446,0.006251351156589885,0.012260210045579324,0.026991744350671944,0.05763950692090652,0.07352559605608357,0.10347211932631983,MBI+TMP
MA0000041766,4176,SG TRESOR PLUS,SOGECAPITAL GESTION,FCP,OCT,"[0,5  1,1[",MBI (CT) ,Quotidienne,FGP,Capitalisant,0.0,0.0,0.0075,SOCIETE GENERALE,SGMB + SOGECAPITAL GESTION,822717740.52,208.0,0.0026029114046080787,0.0001442515747463,0.0003847633705271,0.002361331984000815,0.00868047136414331,0.016816581931951496,0.03699272110878446,0.07666028262332421,0.08539105387296753,-,MBI
MA0000041816,4181,BMCI PREMIUM MONEY MARKET,CIH CAPITAL MANAGEMENT,FCP,Monétaire,"[0  0,5[",TMI (jj),Quotidienne,FGP,Capitalisant,0.0,0.0,0.02,BMCI,BMCI ASSET MANAGEMENT + BMCI,425112077.79,14177.08,0.002035583123884972,0.0001615544216174,0.0004121022578123,0.002050456351997143,0.006771185074561177,0.012983579569529002,0.028438779692493005,0.05638754308758197,0.06785435323130139,0.0976931308041445,TMI
MA0000041840,4184,BMCI PREMIUM SHORT TERM BOND,CIH CAPITAL MANAGEMENT,FCP,OCT,"]0,5 1,1]",MBI CT,Quotidienne,FGP,Capitalisant,0.0,0.0,0.02,BMCI,BMCI ASSET MANAGEMENT + BMCI,485400130.33,121.4,0.0028085246984966413,0.0001647717910694,0.0004120313143799,0.002642880740006668,0.008976063829787339,0.01700594789310548,0.03707500427131388,0.07405113686631871,0.08016727466856487,0.12511584800741427,MBI
MA0000041899,4189,BMCI MONETAIRE PLUS,CIH CAPITAL MANAGEMENT,FCP,Monétaire,"[0  0,5]",TMP interbancaire,Quotidienne,FGP,Capitalisant,0.0,0.0,0.02,BMCI,BMCI,234743036.3,140661.39,0.002840664623123942,0.000157708508175,0.000418057673325,0.002842380558596238,0.00823850160007736,0.014903405470178741,0.030266432499318457,0.057503217925081326,0.06859456968488091,0.09930770714469492,TMP
MA0000041931,4193,HORIZON TREASURY FUND,SOGECAPITAL GESTION,FCP,Monétaire,"[0  0,5]",75% MONIA + 25% MBI CT,Quotidienne,FGP,Capitalisant,0.02,0.02,0.02,SOCIETE GENERALE,SOGECAPITAL GESTION + SGMB,1022160246.13,1141.38,0.001808096057297487,0.0001752571899262,0.000403183395856,0.001896034128614387,0.006250606106022398,0.012930307682750565,0.02728000936034649,0.05700950158359743,0.08850063895935474,-,MBI+MONIA
MA0000041964,4196,SG SOCIAL IMPACT FUND,SOGECAPITAL GESTION,FCP,Monétaire,"]0 0,5]",MONIA,Quotidienne,FGP,Mixte,0.02,0.06,0.005,SOCIETE GENERALE,SOGECAPITAL GESTION + SGMB,74466323.43,1040.5,0.0021574557432626593,0.0001826378675585,0.000480769230769,0.0022636420555792636,0.007338419238662344,0.014409390476933523,0.03142898086088769,0.06503931159195768,0.08231273976149706,-,MONIA
MA0000041972,4197,WINEO AL AMINE,WINEO GESTION,FCP,Actions,-,-,Quotidienne,FGP,Mixte,0.005,0.005,0.02,ATTIJARIWAFA BANK,WINEO GESTION,46342621.65,120.45,0.07448706512042827,-0.0003319777574901,-0.0017404276479362,0.07843137254901965,0.10840158277353457,0.14747070591597602,0.23348694316436247,0.44268774703557323,0.13056129153369622,-,
MA0000041998,4199,WINEO CASH,WINEO GESTION,FCP,Monétaire,"[0  0,5[",-,Quotidienne,FGP,Capitalisant,0.0,0.0,0.0065,CIH,WINEO GESTION,258263269.24,1490.65,0.0024006778384486134,0.0001945838589335,0.0004698144233028,0.0024748313684876382,0.007754296299300982,0.015297747566731851,0.03254206293682075,0.0651380145624478,0.08029075413447756,0.12295940275570089,
MA0000042020,4202,WINEO OBLIG CT,WINEO GESTION,FCP,OCT,[0.5  1.1[,MBI (CT),Quotidienne,FGP,Capitalisant,0.0,0.0,0.02,CIH,WINEO GESTION,190623900.52,1303.39,0.002839116719242944,0.0001841691286498,0.0004989483703579,0.0028082539584840744,0.009354841207765877,0.018289348271066798,0.03937767641406377,0.08030667219229183,0.09235746192978489,0.1433947698542893,MBI
MA0000042046,4204,ATLAS TRESORERIE,ATLAS CAPITAL MANAGEMENT,FCP,Monétaire,"[0  0,5]",MONIA,Quotidienne,FGP,Capitalisant,0.03,0.03,0.02,CIH,CIH BANK + ATLAS CAPITAL MANAGEMENT + ATLAS CAPITAL BOURSE + ATLAS PORTFOLIO MANAGEMENT,40064800.38,121.89,0.0021376305187865256,0.0001641092967916,0.0004103742613263,0.0021376305187865256,0.007272126270556114,0.014313056503287,0.031392790658317765,0.06556517178075007,0.08077673346338003,0.11825688073394496,MONIA
MA0000042053,4205,ATLAS MONEBANQUES,ATLAS CAPITAL MANAGEMENT,FCP,Monétaire,"[0   0,5]",MONIA,Quotidienne,FGP,Capitalisant ,0.03,0.03,0.01,CIH,Atlas Capital Management+Atlas Capital Bourse+Atlas Portfolio Management+CIH,688497747.45,118.77,0.002278481012658194,0.0001684210526315,0.0004211590296495,0.002278481012658194,0.007635530669381449,0.0146945749679624,0.032333767926988256,0.06606229243335428,0.08051310043668117,0.1222715676084286,MONIA
MA0000042061,4206,ATLAS OBLIGBANCAIRES,ATLAS CAPITAL MANAGEMENT,FCP,OCT,"]0,5 1,1]",MBI CT,Quotidienne,FGP,Capitalisant ,0.03,0.03,0.01,CIH,Atlas Capital Management+Atlas Capital Bourse+Atlas Portfolio Management+CIH,892629852.93,120.4,0.002497918401332318,0.0001661405549095,0.0004154549231409,0.0025813972853693254,0.008459669989111358,0.01620526671168131,0.03569892473118284,0.07596067917783735,0.08811568007230004,0.13584905660377364,MBI
MA0000042111,4211,ATTIJARI MIXED DISTRIBUTION,WAFA GESTION,FCP,Diversifié,-,70% MBI MT + 30% MASI,Quotidienne,FGP,Distribuant,0.02,0.02,0.02,ATTIJARIWAFA BANK,WAFA GESTION;ATTIJARIWAFA BANK,1304192.73,130.42,0.052283362917540384,0.0033079467651355,-0.0081375009506427,0.05092667203867829,0.07129949071792276,0.1019856358259387,0.18094010543863762,0.32106977374702755,-,-,MBI+MASI
MA0000042129,4212,ATTIJARI FIXED INCOME DISTRIBUTION,WAFA GESTION,FCP,OMLT,"]1,1 5,1]",100% MBI MT,Quotidienne,FGP,Distribuant,0.03,0.03,0.02,ATTIJARIWAFA BANK,WAFA GESTION;ATTIJARIWAFA BANK,1070815.65,107.08,0.0009347541596558988,0.0,0.0,0.0009347541596558988,0.00790662650602406,0.023318042813455415,0.040188931003016216,0.0822284151122909,-,-,MBI
MA0000042145,4214,ATTIJARI CASH GARANTI,WAFA GESTION,FCP,Contractuel,-,100% MONIA,Quotidienne,FGP,Capitalisant ,0.0,0.0,0.01,ATTIJARIWAFA BANK ,WAFA GESTION;ATTIJARIWAFA BANK,3077371681.43,1057.8,0.0018373648021518523,0.0001701934532252,0.0004066693777959,0.0019512379942030664,0.005972306755934241,0.012413502675076356,0.02630276804858871,0.0537850788495831,-,-,MONIA
MA0000042152,4215,EMERGENCE MONETAIRE PLUS,VALORIS MANAGEMENT,FCP,OCT,"]0,5 1,1]",MBI CT,Quotidienne,FGP,Capitalisant,0.03,0.015,0.02,BMCE BANK,VALORIS MANAGEMENT;VALORIS GROUP,3684564023.9,1300.39,0.0030390682247676765,0.0001692086419468,0.000453915987075,0.0029694417449520542,0.009674438828197213,0.01876312243427035,0.04101989352759877,0.08299950863224878,0.09468730796104083,0.1526951681100582,MBI
MA0000042160,4216,EMERGENCE EQUITY FUND,VALORIS MANAGEMENT,FCP,Actions,-,MASI,Quotidienne,FGP,Capitalisant,0.03,0.015,0.02,BMCE BANK,VALORIS MANAGEMENT;VALORIS GROUP,1791154470.84,624.53,0.08892298572001466,-0.0006240798822249,-0.0048123655485618,0.09036786144525724,0.12722908093278465,0.19547864703968149,0.33238751520064846,-,0.1981161032881863,-,MASI
MA0000042178,4217,EMERGENCE MONETAIRE,VALORIS MANAGEMENT,FCP,Monétaire,"]0  0,5]",TMP au jour le jour,Quotidienne,FGP,Capitalisant,0.0,0.0,0.02,BMCE BANK,VALORIS MANAGEMENT+ CAPITAL GESTION GROUP,2765242040.33,1267.6,0.0024436342931253357,0.0002051541022929,0.0004972493429204,0.0024753454016306293,0.008288391479342532,0.016120369702362265,0.034648818512018786,0.07096087393651626,0.086595004200312,0.13197774622480596,TMP
MA0000042186,4218,EMERGENCE RENDEMENT BANQUES,VALORIS MANAGEMENT,FCP,OMLT,"]1,1  5,1]",50 % MBI MT + 50% MBI MLT,Quotidienne,FGP,Capitalisant,0.03,0.015,0.02,BMCE Bank,"VALORIS MANAGEMENT,VALORIS GROUP",3583495659.39,1389.93,0.010336480799005624,0.0001079307516298,0.0002374784110536,0.010755268554474427,0.02285722696063654,0.046444919592844705,0.07895390538883112,-,0.09621982286088349,-,MBI
MA0000042202,4220,EMERGENCE EQUILIBRE,VALORIS MANAGEMENT,FCP,Diversifié,-,80% MBI Global + 20% MASI,Quotidienne,FGP,Capitalisant,0.03,0.015,0.02,BMCE Bank,"VALORIS MANAGEMENT,VALORIS GROUP",3367743041.0,1912.42,0.04781524806180313,-0.0004233678125473,-0.0020299429632991,0.04831495165215872,0.07124572183976298,0.11548444672573392,0.19102691054935886,-,0.08051821844048566,-,MBI+MASI
MA0000042210,4221,EMERGENCE RENDEMENT PLUS,VALORIS MANAGEMENT,FCP,OMLT,(3  7),50% MBI MT + 50% MBI MLT,Quotidienne,FGP,Capitalisant,0.03,0.015,0.02,BMCE Bank,"VALORIS MANAGEMENT,VALORIS GROUP",5371980436.29,1077.71,0.0100564209263529,0.0001113596080142,0.0005013136273754,0.009990159786326867,0.021100204653983153,0.041869682907965916,0.0729354373039972,-,0.036468902374518004,-,MBI
MA0000042228,4222,FCP CKG GARANTI,CDG CAPITAL GESTION,FCP,Contractuel,-,MONIA,Quotidienne,FGP,Capitalisant,0.03,0.015,0.02,CDG,CD CAPITAL GESTION,20276446.93,1035.72,0.0018572257690076155,0.0001834809228125,0.0004250057955336,0.001992918367741758,0.005856131457040442,0.01185044793325452,0.02488694499144045,-,-,-,MONIA
MA0000042236,4223,FSEC I CT,CDG CAPITAL GESTION,FCP,OCT,"]0,5 1,1]",80% MBI CT et 20% MBI MT,Quotidienne,FNPP,Capitalisant,0.0,0.0,0.02,CDG,CD CAPITAL GESTION,494880847.83,1051.56,0.0028706308712030813,0.0001426655633861,0.0005042672426096,0.0028515025224830097,0.009455606646763407,0.01756321305193472,0.03612178539757609,-,-,-,MBI
MA0000042368,4236,UNIVERS OBLIGATIONS,WAFA GESTION,FCP,OMLT,"]1,1;13]",50% MBI MLT +50% MBI MT,Quotidienne,FNPP,Mixte,0.0,0.0,0.02,ATTIJARIWAFA BANK,WAFA GESTION,3568986903.52,1802.85,0.0008493771234427935,0.0001442369035665,0.002563617759587,0.0023127943114154494,0.010770110560426885,0.03000577034045008,0.055996485576219016,0.1380335567927886,0.1105669722057954,0.17545998669917973,MBI
MA0000042392,4239,WG RENDEMENT,WAFA GESTION,FCP,Diversifié,-,30% MASI R + 70% MBI GLOBAL,Quotidienne,FGP,Mixte,0.03,0.015,0.02,ATTIJARIWAFA BANK,WAFA GESTION,153146717.77,134685.27,0.026919831487433068,0.0016052721581807,0.000844011099214,0.02583372958304772,0.03449063276504875,0.06161341742357253,0.11559231053336187,0.2548764081751607,0.1450615880110927,0.2604360687350622,MBI+MASI
MA0000042418,4241,WG BOND FUND,WAFA GESTION,FCP,OMLT,"]1,1 9]",100% MBI MLT,Quotidienne,FNPP,Mixte,0.0,0.0,0.02,ATTIJARIWAFA BANK,WAFA GESTION,327561392.57,1116.47,0.005856014126507924,0.0001254109447924,0.000501832585065,0.006064483572728764,0.018658418641995626,0.038576744186046535,0.07208565392740535,0.10879712390259412,0.08527907926200985,-,MBI
MA0000042434,4243,CIH CASH,CIH CAPITAL MANAGEMENT,FCP,Monétaire,"[0  0,5[",MBI (CT) (20%)+TMP (80%),Quotidienne,FGP,Capitalisant,0.03,0.015,0.02,CIH,CIH,2280847965.49,1501.72,0.0025502369984644743,0.0001931491977647,0.0004663495489733,0.0025903968381136232,0.008122876975336084,0.015588332758492397,0.03251445583493187,0.06270566339492335,0.07652494318874241,0.11823313029621574,MBI+TMP
MA0000042459,4245,CIH MONETAIRE PLUS,CIH CAPITAL MANAGEMENT,FCP,OCT,"[0,5  1,1[",MBI (CT) (80%)+MBI (MT) (20%),Quotidienne,FGP,Capitalisant,0.03,0.015,0.02,CIH,CIH,369122812.93,1540.89,0.002811456685995538,0.0001622702253608,0.0004479937670432,0.0026157059478031383,0.00888484404054171,0.016632798479890236,0.03727314341106153,0.07158057247767675,0.07561986932484514,0.11938542007191903,MBI
MA0000042483,4248,CIH TRESORERIE,CIH CAPITAL MANAGEMENT,FCP,Monétaire,"[0  0,5[",MBI (CT) (50%)+TMP (50%),Quotidienne,FGP,Capitalisant,0.03,0.015,0.02,CIH,CIH,1618343.24,1417.3,0.000946354416791377,9.878912755078656e-05,0.000247009421645,0.0008898053727295775,0.0030005803009072575,0.006376391729152478,0.018826692353588182,0.04475961609341139,0.05453084426455158,0.08485655674964017,MBI+TMP
MA0000042491,4249,WINEO OCT PLUS,WINEO GESTION,FCP,OCT,"]0,5 1,1]",100% MBI CT,Quotidienne,FGP,Capitalisant,0.0,0.0,2.0,ATTIJARIWAFA BANK,WINEO GESTION,58498442.9,1024.58,0.002848277819648192,0.0001757126122606,0.0004784735716587,0.0027501296769331116,0.009567727886330193,0.022473704169410996,-,-,-,-,MBI
